num_var,ngo_name,ngo_address,reg_no,reg_date,renewed_on,valid_until,district,county,remarks
1,3F-United Federation of,"Road-54, Houase-11/A,",2843,10-Dec-13,10-Dec-18,10-Dec-28,Dhaka,Denmark,
,Danish Workers,"Apartment-B/4,",,,,,,,
,,"Gulshan, Dhaka,",,,,,,,
,,Phone: 01764-405244,,,,,,,
2,ABFA-USA-INC\,"House-27, Road-04,",2176,24-Dec-06,,24-Dec-11,Dhaka,USA,
,,"Section-04, Uttara,",,,,,,,
,,Dhaka.,,,,,,,
3,Academy for,"South Breeze, House-",2514,8-Nov-09,,8-Nov-14,Dhaka,USA,
,Educational,"08, Gulshan Avenue,",,,,,,,
,Development (AED),"Gulshan-01, Dhaka.",,,,,,,
,,Phone: 01714-174370,,,,,,,
4,ACDI/VOCA,"House-30, Road-19/A,",2580,3-Jun-10,3-Jun-15,3-Jun-20,Dhaka,USA,
,,"Banani, Dhaka-1213",,,,,,,
,,Phone: 8836801,,,,,,,
5,Action Aid- Bangladesh,"House- 8, Road-136,",210,27-Apr-86,27-Apr-16,27-Apr-21,Dhaka,UK,
,,"Gulshan-1, Dhaka",,,,,,,
,,"Phone :9888006,",,,,,,,
,,55044851-7,,,,,,,
,,www.actionaid.org,,,,,,,
6,Action Contre La Faim,"House-23, Road-113/A,",2330,3-Apr-08,3-Apr-18,3-Apr-28,Dhaka,France,
,,"Gulshan-2, Dhaka.",,,,,,,
,,"Phone: 8810132,",,,,,,,
,,8810347,,,,,,,
,,www.actioncontrelafaim,,,,,,,
,,.org,,,,,,,
7,Action for Enterprise,"House-03, Apt. 3A4,",2427,28-Apr-09,28-Apr-14,28-Apr-19,Dhaka,USA,
,,"Nam Villa, Road-06,",,,,,,,
,,"Gulshan-01, Dhaka-",,,,,,,
,,1212,,,,,,,
,,Phone: 8817277,,,,,,,
,,E-mail:,,,,,,,
,,info@actionforenterpris,,,,,,,
8,Action on Disability &,"House-56,",804,13-Feb-94,13-Feb-19,13-Feb-29,Dhaka,UK,
,Development,"Block-C, Banani,",,,,,,,
,,Dhaka.,,,,,,,
,,"Phone : 8832037, Fax:",,,,,,,
,,8831228,,,,,,,
,,"www.add.org.bd,",,,,,,,
,,mosharraf.doc@gmail.c,,,,,,,
9,Adventist Development,"149, Shah Ali Bagh,",73,22-Apr-81,15-May-15,15-May-20,Dhaka,USA,
,& Relief Agency,"Mirpur-1, Dhaka",,,,,,,
,International (ADRA),Phone : 8014096,,,,,,,
,,www.adrabd.org,,,,,,,
10,"AIDA, Ayuda,","Flat-5A, House-487,",2441,26-May-09,26-May-14,26-May-19,Dhaka,Spain,
,Intercambio Y Desarrollo,"Road-08, DOHS",,,,,,,
,,"Baridhara, Dhaka",,,,,,,
,,Phone: 01745-777219,,,,,,,
,,Www.ong-aida.org,,,,,,,
11,Al Basher International,"1/9, Block-E, Satmasjid",,22-Sep-92,22-Sep-17,22-Sep-27,Dhaka,Saudi Arabia,
,Foundation,"Road, Lalmatia, Dhaka,",,,,,,,
,,"Phone :9135451-2,",,,,,,,
,,Fax: 8114142,,,,,,,
12,Al Haramain Islamic,"House-1, Road-1,",648,17-Sep-92,17-Sep-02,17-Sep-07,Dhaka,Saudi Arabia,Office &
,Foundation,"Sector-6, Uttara, Dhaka",,,,,,,Operation closed
,,Phone : 8912120,,,,,,,in Bangladesh
,,,,,,,,,from 2004.
13,Alacrity for Poverty,"22, Amirabad,",641,30-Jul-92,30-Jul-17,30-Jul-27,Chittagong,South Korea,
,Alleviation in,"Mahedibag R/A,",,,,,,,
,Bangladesh (APAB),Chittagong-4000,,,,,,,
,,"Phone: 031-613028,",,,,,,,
,,Fax: 031-610785,,,,,,,
14,Al-Forqan Foundation,"137 Auspara, Tongi,",1791,22-Jan-03,22-Jan-18,22-Jan-28,Dhaka,Saudi Arabia,
,,Gazipur.,,,,,,,
,,"Phone: 9802014,",,,,,,,
,,9802015,,,,,,,
,,Fax: 9803005,,,,,,,
15,Al-Khair Foundation,"141, South Bishil, Mirpur,",3161,2-Aug-18,,2-Aug-28,Dhaka,UK,
,Bangladesh Field Office,Dhaka.,,,,,,,
,,Mob: 01711965422,,,,,,,
16,American Center for,"House-09, Road-127,",18,22-Apr-81,15-May-15,15-May-20,Dhaka,USA,
,International Labour,"Gulshan-01, Dhaka-",,,,,,,
,Solidarity,1212,,,,,,,
,,"Phone: 8828403, Fax:",,,,,,,
,,8820208,,,,,,,
,,www.solidaritycenter.or,,,,,,,
,,g,,,,,,,
17,Amrock Academy,"19, Akbarbad Estate,",2657,22-Sep-11,22-Sep-16,22-Sep-21,Khulna,USA,
,Society,"Shirishnagar, Khulna-",,,,,,,
,,9100,,,,,,,
,,Phone: 041-721589,,,,,,,
,,www.amaroksociety.org,,,,,,,
18,Andheri Hilfe,"House-380, Road-28,",2635,6-Apr-11,6-Apr-16,6-Apr-21,Dhaka,Germany,
,Bangladesh,"New DOHS, Mohakhali,",,,,,,,
,,Dhaka.,,,,,,,
,,Phone: 01754-445505,,,,,,,
19,Apasenth International,"House-82, Road-16,",3096,30-Oct-17,,30-Oct-27,Dhaka,UK,
,,"Sector-11, Uttara,",,,,,,,
,,Dhaka,,,,,,,
,,Phone: 0171221857,,,,,,,
20,Arsenic Mitigation and,"Shologhar Bus Stand,",1844,19-Jun-03,19-Jun-18,19-Jun-28,Munshiganj,Netherlands,
,Research Foundation,"Vill: Shologhar, UZ:",,,,,,,
,,"Sreenagor, Dist:",,,,,,,
,,Munshiganj.,,,,,,,
,,Phone: 01711-391521,,,,,,,
21,Article 19,"House-1/B, Road-01,",2705,29-May-12,29-May-17,29-May-27,Dhaka,UK,
,,"2nd Floor, Shaymoli,",,,,,,,
,,Dhaka.,,,,,,,
,,Phone: 01713-039669,,,,,,,
22,ASHOKA : Innovators,"House-19/1, (2nd floor),",403,13-Nov-90,10-Nov-01,10-Nov-06,Dhaka,USA,
,for the Public,"R-15(New), 28(Old),",,,,,,,
,,"Dhanmondi R/A,",,,,,,,
,,Dhaka.,,,,,,,
,,Phone : 8115868,,,,,,,
23,Asia Arsenic Network,"House-46, Road-13/C,",1609,16-Jan-01,16-Jan-16,16-Jan-21,Dhaka,Japan,
,,"Block-E, Banani, Dhaka-",,,,,,,
,,1213,,,,,,,
,,"Phone: 9894493, Fax:",,,,,,,
,,9894498,,,,,,,
24,Asian Disaster,"House-477, Roomy",2641,10-May-11,10-May-16,10-May-21,Dhaka,Thailand,
,Preparedness Centre,"House (3rd Floor),",,,,,,,
,,"Road-32, New DOHS,",,,,,,,
,,"Mohakhali, Dhaka",,,,,,,
,,Phone: 8871951,,,,,,,
,,www.adpc.net,,,,,,,
25,Asian Industrial and,"House # 1/E, Road # 2,",752,18-Sep-93,18-Sep-03,18-Sep-08,Dhaka,Japan,
,Technical Development,"Sector # 3, Uttara,",,,,,,,
,Association (AITDA),Dhaka,,,,,,,
,,Phone : 231669,,,,,,,
26,Assemblies of God,"401/1, New Eskaton",107,3-Sep-81,16-May-16,16-May-26,Dhaka,USA,
,Mission,"Road, Dhaka",,,,,,,
,,"Phone :8316452, Fax:",,,,,,,
,,8313978,,,,,,,
27,Association of Baptist,"7, Rashik Hazari Lane,",42,22-Apr-81,15-May-15,15-May-20,Chittagong,USA,
,,"Chawk Bazar,",,,,,,,
,,Chittagong,,,,,,,
,,"Phone : 624174,",,,,,,,
,,610548,,,,,,,
28,Association of Medical,"House-27, Road-114,",657,20-Oct-92,20-Oct-12,20-Oct-22,Dhaka,Japan,
,Doctors for Asia (AMDA),"Gulshan, Dhaka",,,,,,,
,,Phone : 8827575,,,,,,,
29,Austcare,Niribili Pital Building,2382,31-Jul-08,,31-Jul-13,Cox'sBazar,Australia,
,,"(1st Floor), House-49,",,,,,,,
,,"Block-B, Soykat R/A,",,,,,,,
,,Cox'sBazar,,,,,,,
30,Australian Baptist,"Jarina Cottage, 110,",93,22-Apr-81,15-May-15,15-May-20,Dhaka,Australia,
,"Misionary Society, The","Monipuripara, Gate-01,",,,,,,,
,,"Tejgaon, Dhaka-1215",,,,,,,
,,"Phone: 9102325, Fax:",,,,,,,
,,9102324,,,,,,,
31,Bangladesh,"125, 9/A (Old),",2433,30-Apr-09,,30-Apr-14,Dhaka,UK,
,Development Initiative,"Shankar, Dhanmondi,",,,,,,,
,,Dhaka-1209.,,,,,,,
32,Bangladesh Every,"38, Dilu Road, New",87,22-Apr-81,15-May-15,15-May-20,Dhaka,USA,
,Home Contact,"Eskatan, Dhaka",,,,,,,
,,Phone : 9332714,,,,,,,
33,Bangladesh Japan,"House # 1862, Block-4,",1044,3-Jun-96,,3-Jun-01,Jamalpur,Japan,
,Institutional Social,"Matrisadan Road,",,,,,,,
,Welfare Organization,Jamalpur.,,,,,,,
34,Bangladesh Lutheran,"3/13, Iqbal Road,",103,3-Sep-81,15-May-05,15-May-10,Dhaka,Denmark,
,"Mission, Danish (BLM-","Mohammadpur, Dhaka",,,,,,,
,D),Phone : 9129747,,,,,,,
35,Bangladesh Lutheran,"Bangabaria, Naogaon-",49,22-Apr-81,15-May-15,15-May-20,Naogaon,Finland,
,"Mission, Finnish",6500,,,,,,,
,,Phoe: 0741-62421,,,,,,,
36,Bangladesh Lutheran,"House # 50, Road # 1,",128,11-Apr-82,,11-Apr-87,Dhaka,Norway,
,"Mission, Norwegian","Banani, Dhaka",,,,,,,
,(BLM-N),Phone :,,,,,,,
37,Bangladesh Mission,"2, Mirpur Road,",44,27-Aug-81,15-May-10,15-May-15,Dhaka,USA,
,Foreign Mission Board,"Kalyanpur, Dhaka",,,,,,,
,Southern Baptist,"Phone : 8054224, Fax:",,,,,,,
,Convension,8013580,,,,,,,
38,Bangladeshi Mental,"House-13, Road-1,",1782,31-Dec-02,31-Dec-07,31-Dec-12,Dhaka,UK,
,Health Association,"Block-A, Sector-11,",,,,,,,
,,"Mirpur, Dhaka",,,,,,,
39,Baptist Mid Mission,Baptish Mid Missions,115,30-Dec-81,15-May-15,15-May-20,Natore,USA,
,Bangladesh,"Hospital, Borohorispur,",,,,,,,
,,Natore-6400,,,,,,,
,,"Phone : 0771-62386,",,,,,,,
,,01711-070468,,,,,,,
40,Baptist Missionary,"137, Jahanara Garden,",129,21-Nov-82,15-May-95,15-May-00,Dhaka,UK,
,Society (British),"Green Road, Dhaka",,,,,,,
41,BASUG-Diaspora &,"DIPSHIKHA Bhaban,",2683,6-Mar-12,6-Mar-17,6-Mar-22,Dhaka,Netherlands,
,Development,"282/5, 1st Colony,",,,,,,,
,(Bangladesh Chapter),"Mazar Road, Mirpur-01,",,,,,,,
,,Dhaka-1216,,,,,,,
,,Phone: 01714-045547,,,,,,,
42,BBC World Service,Basati Aristocrats (5th,2404,27-Jan-09,,27-Jan-14,Dhaka,UK,
,Trust,"Floor), Plot-06, Block-",,,,,,,
,,"SWH, Gulshan Avenue,",,,,,,,
,,"Gulshan, Dhaka-1212",,,,,,,
43,BHN Association,"Mallika, 24/5,",2767,26-Feb-13,,26-Feb-18,Dhaka,Japan,
,,"Prominent Housing, 3",,,,,,,
,,"Piciculture Road,",,,,,,,
,,"Mohammadpur, Dhaka.",,,,,,,
,,Phone: 01713-130666,,,,,,,
44,Calvary Apostolic,"PO: KUET, Daulatupr,",106,3-Sep-81,15-May-10,15-May-15,Khulna,USA,
,Church,Khulna-9203,,,,,,,
,,Phone: 041-2870024,,,,,,,
45,Canadian University,"House # 54, Road # 3A",15,22-Apr-81,,22-Apr-86,Dhaka,Canada,
,Service Overseas,"(New), Dhanmondi",,,,,,,
,(CUSO),"R.A., Dhaka",,,,,,,
46,CAP Anamur,House-70-71 (3rd,2307,20-Feb-08,20-Feb-18,20-Feb-28,Dhaka,Germany,
,,"Floor), Road-3, Janata",,,,,,,
,,"Housing Society, Ring",,,,,,,
,,"Road, Adabar,",,,,,,,
,,"Mohammadpur, Dhaka-",,,,,,,
,,1207,,,,,,,
47,CARE-Bangladesh,Retired Army Officers,4,22-Apr-81,15-May-15,15-May-20,Dhaka,USA,
,,Welfare,,,,,,,
,,Association(RAOWA),,,,,,,
,,"Convention Center, VIP",,,,,,,
,,"Road Mohakhali,",,,,,,,
,,"Dhaka-1206,",,,,,,,
,,email:info@bd.care.org,,,,,,,
48,Caritas Switzerland,"House-9/A (5th Floor),",2848,5-Feb-14,5-Feb-19,5-Feb-29,Dhaka,Switzerland,
,,"Road-15 (New),",,,,,,,
,,"Dhanmondi, Dhaka.",,,,,,,
,,Phone: 9114133,,,,,,,
49,Center for Orientation,"House-443/1, Christian",2476,25-Aug-09,,25-Aug-14,Khulna,Italy,
,and Educational (COE),"Para, Boro Boyra,",,,,,,,
,,Khulna-9000,,,,,,,
,,Phone: 01710-0963787,,,,,,,
50,Ceshires Foundation,"Sonargaon Janapath,",138,1-Apr-83,14-May-15,14-May-20,Dhaka,UK,
,Homes-Bangladesh,"House-32, Sector-9,",,,,,,,
,,"Uttara Model Town,",,,,,,,
,,Dhaka-1230,,,,,,,
,,Phone: 8911276,,,,,,,
51,Chal Chal Foundation,"147, DOHS. Lane-4,",1054,1-Aug-96,,1-Aug-01,Dhaka,USA,
,,"Eastern Road, Dhaka",,,,,,,
52,Christan Service,"151/5, Manipuripara",770,11-Nov-93,11-Nov-13,11-Nov-18,Dhaka,USA,
,International,"(1st floor), Tejgaon,",,,,,,,
,,Dhaka.,,,,,,,
,,Phone : 9133756,,,,,,,
53,Christian Aid,"Apt F-3, House-1/A,",1579,25-Oct-00,25-Oct-15,25-Oct-20,Dhaka,UK,
,,"Road-35, Gulshan-2,",,,,,,,
,,Dhaka-1212,,,,,,,
,,Phone: 9859736-7,,,,,,,
,,www.christianaid.org,,,,,,,
54,Churches of God,"Mission House, Gohail",6,22-Apr-81,15-May-15,15-May-20,Bogra,USA,
,Mission,"Road, Sutrapur, Bogra-",,,,,,,
,,5800,,,,,,,
,,Phone : 051-66521,,,,,,,
55,Community Recovery,"House-104, Road-19,",2885,21-Aug-14,,21-Aug-19,Dhaka,USA,
,International,"Sector-11, Uttara,",,,,,,,
,Bangladesh,Dhaka,,,,,,,
,,Phone: 01772-125589,,,,,,,
56,Compassion,"House-53, Road-10,",2378,21-Jul-08,21-Jul-18,21-Jul-28,Dhaka,USA,
,International,"Block-E, Banani,",,,,,,,
,Bangladesh,Dhaka.,,,,,,,
,,"Phone: 9860077, Fax:",,,,,,,
,,9888597,,,,,,,
,,www.compassion.com,,,,,,,
57,CONCERN - Worldwide,"House-15, SW(D),",31,22-Apr-81,15-May-16,15-May-21,Dhaka,Ireland,
,,"Road-07, Gulshan-01,",,,,,,,
,,Dhaka-1212,,,,,,,
,,Phone: 58811469,,,,,,,
,,Fax: 8817517,,,,,,,
,,www.concern.net,,,,,,,
58,Co-operation in,"Ward-06, Post: Char",99,7-Jun-91,7-Jul-16,7-Jul-21,Bhola,Australia,
,Development of,"Fassion, Dist: Bhola-",,,,,,,
,Bangladesh,8340,,,,,,,
,,Phone: 01715050340,,,,,,,
,,www.fredhyde.org,,,,,,,
59,Counterpart International,"House-14(3rd Fl.),",2811,25-Aug-13,25-Aug-18,25-Aug-28,Dhaka,USA,
,Inc.,"Road-32, Gulshan-1,",,,,,,,
,,Dhaka.,,,,,,,
,,"Phone: 9851021, Fax:",,,,,,,
,,9851042,,,,,,,
60,DAKBHANGA,"Nur Villa (Gr. Floor),",1952,31-Aug-04,31-Aug-14,31-Aug-19,Cox'sBazar,Belgium,
,,"Thana Road, Sipahi",,,,,,,
,,"Para, Ramu,",,,,,,,
,,Cox'sBazar.,,,,,,,
,,"Phone: 01711-112159,",,,,,,,
,,"01819-928751, 01819-",,,,,,,
,,934935,,,,,,,
61,Damien Foundation,"House-24, Road-18,",583,1-Nov-92,11-Jan-17,11-Jan-22,Dhaka,Belgium,
,,"Block-A, Banani Model",,,,,,,
,,"Town, Dhaka.",,,,,,,
,,"Phone : 8822189, Fax:",,,,,,,
,,8810989,,,,,,,
62,Dan Church Aid,"House-83, Apart-A/3,",2596,14-Sep-10,14-Sep-15,14-Sep-20,Dhaka,Denmark,
,,"Road-23, Gulshan,",,,,,,,
,,Dhaka.,,,,,,,
,,Phone: 8834343,,,,,,,
,,www.danchurch.org,,,,,,,
63,Danish Bangladesh,"House-483, Road-32,",39,27-Aug-81,15-May-15,15-May-20,Dhaka,Denmark,
,Laprosy Mission,Mohakhali DOHS,,,,,,,
,,"(New), Dhaka-1206",,,,,,,
,,Phone: 9882058,,,,,,,
,,www.leprosymission.or,,,,,,,
,,g,,,,,,,
64,Danish Refugee Council,"House-112/2, Road-03,",2804,30-Jul-13,30-Jul-18,30-Jul-28,Dhaka,Denmark,
,,"Block-F, 3rd Floor,",,,,,,,
,,"Banani, Dhaka-1213",,,,,,,
,,Phone: 01715-895509,,,,,,,
65,DIAKONIA / Swedish,"House-5/8, First floor,",1,22-Apr-81,15-May-15,15-May-20,Dhaka,Sweden,
,Free Church Aid,"Block-B, Lalmatia,",,,,,,,
,,Dhaka,,,,,,,
,,"Phone : 9121256, Fax:",,,,,,,
,,9121257,,,,,,,
,,www.diakonia.selenglis,,,,,,,
,,h,,,,,,,
66,Education and,"Road-34, House-504",1452,5-Dec-99,5-Dec-14,5-Dec-19,Dhaka,Spain,
,Development,"(2nd, 3rd, 4th Floors),",,,,,,,
,Foundation-Educo,"Mohakhali DOHS,",,,,,,,
,,"Dhaka-1206,",,,,,,,
,,"Phone:8813246,",,,,,,,
,,8816367,,,,,,,
,,www.intervida.org,,,,,,,
67,Enfants Du Monde,"House 9/A(3rd Floor),",76,22-Apr-81,15-May-15,15-May-20,Dhaka,Switzerland,
,(International Union for,"Rd-15(New),",,,,,,,
,Child Welfare),"Dhanmondi R/A.,",,,,,,,
,,Dhaka,,,,,,,
,,"Phone : 9114133, Fax:",,,,,,,
,,8112838,,,,,,,
68,Engender Health Int.,"Concord Royal Court,",3179,11-Dec-18,,11-Dec-28,Dhaka,USA,
,,"House-40, Road-27 (16",,,,,,,
,,"New), Dhanmondi,",,,,,,,
,,"Dhaka-1209, Phone:02-",,,,,,,
,,58156202,,,,,,,
69,F H Association,"House # 81, Road-04,",102,28-Aug-81,16-Jul-15,16-Jul-20,Dhaka,Netherlands,
,,"Block # B, Banani,",,,,,,,
,,Dhaka.,,,,,,,
,,"Phone : 9880826,",,,,,,,
,,9894382,,,,,,,
70,Families for Children,"House-01, Road-10,",48,22-Apr-81,15-May-15,15-May-20,Dhaka,Canada,
,,"Sector-09, Uttara,",,,,,,,
,,Dhaka-1230,,,,,,,
,,"Phone: 5895219, Fax:",,,,,,,
,,8918197-8,,,,,,,
71,Family Health,"House-05, Road-35,",2258,8-Aug-07,8-Aug-17,8-Aug-27,Dhaka,USA,
,International,"Gulshan-2, Dhaka-1212",,,,,,,
,,"Phone: 9887561, Fax:",,,,,,,
,,9887563,,,,,,,
,,www.fhi.org,,,,,,,
72,Fida International,"346 East Padardia,",38,22-Apr-81,15-May-15,15-May-20,Dhaka,Finland,
,Bangladesh,"Satarkul Road, North",,,,,,,
,,"Badda, Dhaka-1212",,,,,,,
,,Phone: +88-02-,,,,,,,
,,9895698,,,,,,,
73,Friedrich Ebert Stiftung,"House-89(West), Road-",2773,18-Mar-13,18-Mar-18,18-Mar-28,Dhaka,Germany,
,(FES),"04, Block-B, Banani,",,,,,,,
,,Dhaka-1213,,,,,,,
,,Phone: 880 2 9855095,,,,,,,
74,Friedrich Naumann,"House-21, Road-11,",2675,14-Feb-12,14-Feb-17,14-Feb-27,Dhaka,Germany,
,Foundation,"Sector-06, Uttara,",,,,,,,
,,Dhaka.,,,,,,,
,,Phone: 8913953,,,,,,,
75,Friends of Bangladesh-,"Dattapara, Tongi,",174,19-Nov-84,21-May-15,21-May-20,Gazipur,USA,
,USA,Gazipur,,,,,,,
,,Phone : 9801409,,,,,,,
76,Fundacion Ayuda,"Vill.: Choto Gara,",2417,2-Mar-09,,2-Mar-14,Netrakona,Spain,
,Humanatarian A,Post+Thana:,,,,,,,
,Bangladesh an Espana,"Netrakona, Dist:",,,,,,,
,,Netrakona.,,,,,,,
,,Phone: 01718-023499,,,,,,,
77,Fundacion ETEA Para,"House-Ta-118/3,",2728,12-Sep-12,,12-Sep-17,Dhaka,Spain,
,EL Desarrollo Y LA,"Middle Badda, Pragoti",,,,,,,
,Cooperacion,"Sharani, Gulshan,",,,,,,,
,,Dhaka-1212,,,,,,,
,,"Phone: 02-883706,",,,,,,,
,,01713-161201,,,,,,,
78,Gender and Water,"House-16, Road-30,",2897,19-Oct-14,,19-Oct-19,Dhaka,Netherlands,
,Alliance (GWA),"Gulshan-1, Dhaka",,,,,,,
,,Phone: 01743-800963,,,,,,,
79,Global One,"House-3/1, Block-F,",2866,15-Jun-14,,15-Jun-19,Dhaka,UK,
,,"Flat-5C, Lalmatia,",,,,,,,
,,Dhaka,,,,,,,
,,Phone: 01701663690,,,,,,,
80,Global Vision,"House-23(6th Floor),",2870,10-Jul-14,,10-Jul-19,Dhaka,South Korea,
,,"Road-16, Sector-12,",,,,,,,
,,"Uttara, Dhaka-1230",,,,,,,
,,"Phone: 01726-593857,",,,,,,,
,,01761-926518,,,,,,,
81,Global-2000 Inc.,"House # G-12, Road #",425,24-Dec-90,,24-Dec-95,Dhaka,USA,
,,"9, Banani, Dhaka",,,,,,,
82,Good Neighbours Inc. in,"Plot # 05, Road # 02,",1056,18-Aug-96,18-Aug-16,18-Aug-21,Dhaka,South Korea,
,Bangladesh,"Block-A, Barua,",,,,,,,
,,"Khilkhet, Dhaka-1229,",,,,,,,
,,IP Phone: +88-,,,,,,,
,,9613858585,,,,,,,
,,Fax: +88-02-8412029,,,,,,,
,,www.gnbangla.org,,,,,,,
83,Good People World,"House-288, Lane-4,",2076,1-Mar-06,,1-Mar-11,Dhaka,USA,
,Family in Bangladesh,East D.O.H.S.,,,,,,,
,(GPW-BD),"Baridhara, Dhaka-1206",,,,,,,
84,Good Peoples,"250/1, Second Colony,",2706,30-May-12,30-May-17,30-May-27,Dhaka,South Korea,
,International,"Mazar Road, Dhaka.",,,,,,,
,Bangladesh,Phone: 01713-062637,,,,,,,
85,Grameen Welfare Smile,"7144 Eastern Plaza,",2619,2-Jan-11,,2-Jan-16,Dhaka,UK,
,Charity,"Hatirpool, Dhaka.",,,,,,,
,,Phone: 01517-031737,,,,,,,
86,Green Life-UK,"S-15, Nurjahan Road",2285,8-Nov-07,8-Nov-12,8-Nov-17,Dhaka,UK,
,,"(3rd Floor),",,,,,,,
,,"Mohammadpur, Dhaka-",,,,,,,
,,1207,,,,,,,
,,Phone: 01711-248950,,,,,,,
87,Habitate for Humanity,"Road-23/B, House-07,",1357,21-Mar-99,21-Mar-19,21-Mar-29,Dhaka,USA,
,International,"Gulshan-01, Dhaka-",,,,,,,
,,1212,,,,,,,
,,Phone: 8832945,,,,,,,
,,www.habitatbangladesh,,,,,,,
,,.org,,,,,,,
88,Handicap International,"House-SW(F) 1/A,",1575,15-Oct-00,15-Oct-15,15-Oct-20,Dhaka,France,
,,"Road-4, Gulshan-1,",,,,,,,
,,Dhaka-1212,,,,,,,
,,Phone: +88-02-,,,,,,,
,,"9859794, Fax: +88-02-",,,,,,,
,,8819128,,,,,,,
,,www.handicapinternatio,,,,,,,
89,Health And Education,"House-31, Road-16,",3133,11-Jan-18,,11-Jan-28,Dhaka,USA,
,For All (HAEFA),"Sector-13, Uttara.",,,,,,,
,,"Dhaka-1230, Mob:",,,,,,,
,,01720-025643,,,,,,,
,,email:,,,,,,,
,,healthonwheels.usa@g,,,,,,,
,,"mail.com,",,,,,,,
,,nazrul.kabir@yahoo.co,,,,,,,
,,m,,,,,,,
90,Heart to Heart,"Vill: Karamtola, PO:",2919,23-Feb-15,,23-Feb-20,Gazipur,South Korea,
,Foundation,"Pubail, Upazila:",,,,,,,
,,"Gazipur, Dist: Gazipur",,,,,,,
,,Phone: 01715-047732,,,,,,,
91,HEKS,"House-9A (3rd Floor),",2255,24-Jul-07,24-Jul-17,24-Jul-27,Dhaka,Switzerland,
,,"East Side, Road-",,,,,,,
,,"15(New), Old-28,",,,,,,,
,,"Dhanmondi, Dhaka.",,,,,,,
,,"Phone: 9116943, Fax:",,,,,,,
,,8112838,,,,,,,
,,www.heks.ch,,,,,,,
92,Hellen Keller,"House-10F, Road-82,",20,22-Apr-81,15-May-15,15-May-20,Dhaka,USA,
,International,"Gulshan-2, Dhaka.",,,,,,,
,,"Phone: 8823055, Fax:",,,,,,,
,,9855867,,,,,,,
93,Help the Needy,48/3 Monico Mina,2833,18-Nov-13,18-Nov-18,18-Nov-28,Dhaka,UK,
,Charitable Trust,"Tower, Apartment: E-7,",,,,,,,
,,"West Agargaon, Sher-e-",,,,,,,
,,"Bangla Nagar,Dhaka-",,,,,,,
,,1207,,,,,,,
,,Phone: +8802 9101613,,,,,,,
,,Mobile: 01838-214621,,,,,,,
94,HelpAge International,"House-35/D, (1st",2493,13-Oct-09,13-Oct-14,13-Oct-19,Dhaka,UK,
,(HAI)-Bangladesh,"Floor), Block-G, Road-",,,,,,,
,,"07, Banani, Dhaka-",,,,,,,
,,1213,,,,,,,
,,Phone: 9870103,,,,,,,
,,www.helpage.org,,,,,,,
95,Helvetas,"House-13/A, NE)K),",3099,1-Nov-17,,1-Nov-27,Dhaka,Germany,
,Intercooperation,"Road-83, Gulshan-2,",,,,,,,
,German,Dhaka.,,,,,,,
,,Phone: 028815688,,,,,,,
96,Helvetas Swiss,"Hous-13/A NE(K),",1581,6-Nov-00,6-Nov-15,6-Nov-20,Dhaka,Switzerland,
,Intercooperation,"Road-83, Gulshan-2,",,,,,,,
,,Dhaka.,,,,,,,
,,"Phone: 8815688, Fax:",,,,,,,
,,8819986,,,,,,,
97,Hidaya Foundation,"Dayem Mansion, 106,",2239,28-May-07,,28-May-12,Dhaka,USA,
,,"Pilkhana Road,",,,,,,,
,,"Azimpur, Dhaka.",,,,,,,
,,"Phone: 8614058, 01552-",,,,,,,
,,636687,,,,,,,
98,Hiefur Project,"6/6, Flat-A2(2nd Floor),",2676,20-Feb-12,20-Feb-17,20-Feb-22,Dhaka,USA,
,International,"Road-05, Block-A,",,,,,,,
,Bangladesh,Lalmatia Housing,,,,,,,
,,"Estate, Dhaka-1207",,,,,,,
,,"Phone: 01755619166,",,,,,,,
,,9116742,,,,,,,
99,Hope Bangladesh,"House-236/A, Block-c,",2921,2-Apr-15,,2-Apr-20,Dhaka,South Korea,
,,"Bashundara R/A,",,,,,,,
,,Dhaka.,,,,,,,
,,Phone: 01713-020668,,,,,,,
100,Hope Foundation for,"Link Rad, Chainda,",2386,7-Sep-08,7-Sep-13,7-Sep-18,Cox'sBazar,USA,
,Women & Children of,"South Mitachari, Ramu,",,,,,,,
,Banglades Inc.,Cox'sBazar,,,,,,,
101,Hope Worldwide-,"47/9 West Rajabazar,",2393,16-Nov-08,16-Nov-13,16-Nov-18,Dhaka,USA,
,Bangladesh,"Indira Road, Tejgaon,",,,,,,,
,,Dhaka-1215.,,,,,,,
,,Phone: 01730-431932,,,,,,,
102,Human Appeal,"Unit-4A, House-10,",3092,26-Oct-17,,26-Oct-27,Dhaka,Australia,
,International,"Road-01, Sector-14,",,,,,,,
,Bangladesh,"Uttara Model Town,",,,,,,,
,,Dhaka.,,,,,,,
,,Phone: 01757160560,,,,,,,
103,Humanity First,"Road-06, House-382,",2346,14-May-08,14-May-13,14-May-23,Dhaka,UK,
,Bangladesh,"DOHS, Baridhara,",,,,,,,
,,Dhaka.,,,,,,,
104,Hunger Free World,"2/8, Block-F, Lalmatia,",1735,9-Sep-02,9-Sep-17,9-Sep-27,Dhaka,Japan,
,,Dhaka,,,,,,,
,,"Phone : 8121280,",,,,,,,
,,01711-526979,,,,,,,
,,www.hfwbd.com,,,,,,,
105,"Hunger Project, The","House-3/7, Asad",557,12-Nov-91,12-Nov-16,12-Nov-26,Dhaka,USA,
,,"Avenue,",,,,,,,
,,"Mohammadpur, Dhaka-",,,,,,,
,,1207,,,,,,,
,,"Phone: 8112622,",,,,,,,
,,8127975,,,,,,,
,,Fax: 8116812,,,,,,,
106,I Pas Bangladesh,"Eastern Road, New",2744,13-Nov-12,13-Nov-17,13-Nov-27,Dhaka,USA,
,,"DOHS Mohakhali,",,,,,,,
,,"Dhaka., Phone:",,,,,,,
,,9099671,,,,,,,
107,ICCO (Stiching,"Road-79, Plot-1/A,",2834,19-Nov-13,19-Nov-18,19-Nov-28,Dhaka,Netherlands,
,Interkerkelijke,"Debonoir Duplex,",,,,,,,
,Organisatie voor,"Gulshan-2, Dhaka",,,,,,,
,Ontwikkelingssamenwer,Phone: 31306927811,,,,,,,
,king),,,,,,,,
108,Ideas International,"House-1, R-15, Sector",211,11-Aug-86,10-Aug-96,10-Aug-01,Dhaka,Australia,
,,"# 3, Uttara Model Town,",,,,,,,
,,Dhaka,,,,,,,
,,Phone : 610784,,,,,,,
109,Included,"Appartment A/1, 47",2818,26-Sep-13,,26-Sep-18,Dhaka,Hangkong,
,,"West Agargaon,",,,,,,,
,,Dhaka.,,,,,,,
,,Phone: 9144752,,,,,,,
110,Interlife Bangladesh,"House-5/A, Rd-25/A,",13,22-Apr-81,15-May-05,15-May-10,Dhaka,Sweden,
,,"Banani, Dhaka",,,,,,,
,,Phone : 9881594,,,,,,,
111,International Angel,"Konabari, P.O.",220,5-May-87,15-May-17,15-May-27,Gazipur,Japan,
,Association,"Nilnagar, Gazipur",,,,,,,
,,"Phone : 9297138,",,,,,,,
,,9297164,,,,,,,
112,International,"House-21, Road-123,",173,27-Sep-84,15-May-15,15-May-20,Dhaka,USA,
,Development,"Gulshan-1, Dhaka-1212",,,,,,,
,Enterprises (IDE),"Phone: 9886515, Fax:",,,,,,,
,,9556548,,,,,,,
,,Phone : 8619258,,,,,,,
113,International Education,"1986/A, Zakir Hossain",1519,20-Apr-00,20-Apr-10,20-Apr-15,Chittagong,USA,
,Foundation,"Road Lane, East",,,,,,,
,,"Nasirabad, Chittagong",,,,,,,
,,Phone : 652034,,,,,,,
114,International,"House-32 (2nd Floor),",563,26-Nov-91,26-Nov-16,26-Nov-21,Dhaka,Saudi Arabia,Name Change on
,"Organisation for Relief,","Road-10, Sector-06,",,,,,,,27/03/2019
,Welfare & Development.,"Uttara, Dhaka.",,,,,,,
,,"Phone: 9894349, Fax:",,,,,,,
,,8823995,,,,,,,
115,International Needs,"House-28, Road-07,",88,22-Apr-81,15-May-15,15-May-20,Dhaka,New Zealand,
,,"Block-E, Banasri,",,,,,,,
,,"Rampura, Dhaka.",,,,,,,
,,"Phone: 7286553,",,,,,,,
,,7286018,,,,,,,
116,International Network of,"Flat-9-A, Confidence",1888,13-Nov-03,13-Nov-18,13-Nov-28,Dhaka,Netherlands,
,Alternative Financial,"Centre, Kha/9,",,,,,,,
,Institutions (INAFI),"Shahzadpur, Pragati,",,,,,,,
,,"Sarani, Gulshan, Dhaka-",,,,,,,
,,1212,,,,,,,
,,"Phone: 9890835,",,,,,,,
,,8837983,,,,,,,
117,International Relief &,BTMC Bhaban (8th,2636,12-Apr-11,,12-Apr-16,Dhaka,UK,
,Development Inco.,"Floor), 7-9 Kawran",,,,,,,
,,"Bazar, Dhaka.",,,,,,,
,,Phone: 01711-540895,,,,,,,
118,International Relief and,BTMC Bhaban (8th,2561,22-Apr-10,,22-Apr-15,Dhaka,USA,
,Development,"Floor), 7-9, Karwan",,,,,,,
,,"Bazar, Dhaka-1215",,,,,,,
119,International Relief,"House-39, Apt: A1,",514,7-Aug-91,7-Aug-11,7-Aug-16,Dhaka,USA,
,Friendship Foundation,"Road-28 (Old), 15",,,,,,,
,,"(New), Dhanmondi,",,,,,,,
,,Dhaka-1209,,,,,,,
,,"Phone : 9130294,",,,,,,,
,,9117514,,,,,,,
120,International Rescue,"Apt.-A4, Navana Miru,",3141,5-Mar-18,,5-Mar-28,Dhaka,USA,
,Committee (IRC),"House-4, Road-96,",,,,,,,
,,"Gulshan-2, Dhaka",,,,,,,
121,International Union for,"35-B/1, Indira Road,",434,12-Nov-90,,12-Nov-95,Dhaka,USA,
,Conservation of Nature,Dhaka,,,,,,,
,& Natural Resources,,,,,,,,
122,Islamic Aid,"215 Ahmed Nagar,",2177,24-Dec-06,24-Dec-11,24-Dec-16,Dhaka,UK,
,,"Mirpur-1, Dhaka-1216",,,,,,,
,,Phone: 0852843,,,,,,,
123,Islamic Relief - U.K.,"House-10, Road-10,",553,10-Nov-91,10-Nov-16,10-Nov-21,Dhaka,UK,
,,"Block-K, Baridhara,",,,,,,,
,,Dhaka-1212.,,,,,,,
,,Phone: +88 02,,,,,,,
,,"8819392, +88 02",,,,,,,
,,9893458,,,,,,,
,,Fax: 88 02 8825119,,,,,,,
124,Islamic Relief Agency,"House # 12, Rd-15,",528,31-Aug-91,31-Aug-06,31-Aug-11,Dhaka,Sudan,
,,"Sector-4, Uttara Model",,,,,,,
,,"Town, Dhaka",,,,,,,
,,Phone : 8916096,,,,,,,
125,JACE(Japan Asia,"24, Motijheel R/A (10th",1921,19-Apr-04,,19-Apr-09,Dhaka,Japan,
,Cultural Exchanges),Fl),,,,,,,
,,Dhaka.,,,,,,,
126,Japan Association of,"House-66 (Flat-A4),",2268,6-Sep-07,6-Sep-11,6-Sep-16,Dhaka,Japan,
,Drainage and,"Road-08, Block-C,",,,,,,,
,Environment (JADE),"Niketon, Gulshan-1,",,,,,,,
,,Dhaka-1212,,,,,,,
,,Phone: 9899574,,,,,,,
,,www.jade-bd.org,,,,,,,
127,Japan Bangladesh,Navaron(Shatkhera,1415,29-Aug-99,29-Aug-14,29-Aug-19,Jessore,Japan,
,Cultural Exchange,"Mor), P.O: Jadobpur,",,,,,,,
,Association,"Thana: Sarsa, Dist:",,,,,,,
,,Jessore,,,,,,,
,,Phone: 04228-759060,,,,,,,
128,Japan Bangladesh,"House-9, Plot-18,",1277,12-Jul-98,,12-Jul-03,Dhaka,Japan,
,Friendship Development,Kallyanpur Housing,,,,,,,
,Association,"Society, Dhaka.",,,,,,,
,,Phone : 732988,,,,,,,
129,Jhpiego,"UTC Building, Level-19,",3039,3-Oct-16,,3-Oct-21,Dhaka,USA,
,,"Panthapath, Kawran",,,,,,,
,,"Bazar, Dhaka.",,,,,,,
,,Phone: 01792818076,,,,,,,
130,Johns Hopkins,"Abonti, House-37 (Apt-",524,26-Aug-91,26-Aug-16,26-Aug-21,Dhaka,USA,
,University,"5B & 5D), Road-27,",,,,,,,
,,"Banani, Dhaka-1213",,,,,,,
,,Phone: 02-55035439,,,,,,,
131,Justice and Care,"House-07, Road-33,",2998,27-Jan-16,,27-Jan-21,Dhaka,UK,
,,"Gulshan-2, Dhaka.",,,,,,,
132,Konrad Adenuer Stiftung,"Jarman House, Road-",2813,4-Sep-13,,4-Sep-18,Dhaka,Germany,
,,"90, 10/C, Gulshan-2,",,,,,,,
,,Dhaka.,,,,,,,
,,Phone: 9988817,,,,,,,
133,Korean Civil Cultural,"House-01, Road-05,",2098,31-May-06,31-May-16,31-May-21,Dhaka,South Korea,
,Center,"Baridhara, Dhaka",,,,,,,
,,Phone: 01740992588,,,,,,,
134,Korean Development,218/3/A West Kafrul,334,3-Jan-90,3-Jan-15,3-Jan-20,Dhaka,South Korea,
,Association in,"(6th Fl.), Taltola,",,,,,,,
,Bangladesh (KDAB),"Begum Rokeya Sarani,",,,,,,,
,,Dhaka-1207.,,,,,,,
,,"Phone: 9103691-2,",,,,,,,
,,Fax: 9103693,,,,,,,
,,www.kdaborg.net,,,,,,,
135,Kuwait Society for Relief,"House-2, Road-6/A,",651,19-Sep-92,19-Sep-17,19-Sep-27,Dhaka,Kuwait,Name changed on
,(KSR),"Sector-4, Uttara, Dhaka",,,,,,,2/11/2017
,,"Phone : 8914926, Fax:",,,,,,,
,,8917134,,,,,,,
136,Land O Lakes,"House-461 (1st Floor),",1713,3-Apr-02,3-Apr-17,3-Apr-27,Dhaka,USA,
,,"Lane-08, Baridhara",,,,,,,
,,"DOHS, Dhaka-1206",,,,,,,
,,Phone: 8410818,,,,,,,
137,Learning for Life,"1st Floor, C-18, Block-",2907,29-Dec-14,,29-Dec-19,Dhaka,UK,
,Bangladesh,"E, Kakir Hossain Road,",,,,,,,
,,Dhaka.,,,,,,,
,,Phone: 01711-890237,,,,,,,
138,Lepra Bangladesh,"Navana Le Caprice,",1535,18-Jun-00,18-Jun-15,18-Jun-20,Dhaka,UK,
,,"Flat-A1, House-80,",,,,,,,
,,"Road-07, Block-H,",,,,,,,
,,"Banani, Dhaka.",,,,,,,
,,Phone: +88 02,,,,,,,
,,"8828791,",,,,,,,
,,Fax:: +88 02 9899531,,,,,,,
139,"Leprosy Mission, The","H-17A, Rd-3,",471,21-May-91,21-May-16,21-May-21,Dhaka,UK,
,,"Banani(Old), DOHS,",,,,,,,
,,Dhaka-1206,,,,,,,
,,"Phone : 8826395, Fax:",,,,,,,
,,8821074,,,,,,,
,,www.leporsymission.or,,,,,,,
,,g,,,,,,,
140,Life & Life Onlus,"House-67, Road-11/A,",2992,7-Jan-16,,7-Jan-21,Dhaka,Italy,
,,"Dhanmondi, Dhaka",,,,,,,
,,Phone: 01716-790378,,,,,,,
141,Luthern Health Care,"House # 349, Dilu",1197,14-Oct-97,14-Oct-17,14-Oct-27,Dhaka,USA,
,Bangladesh,"Road, Moghbazar,",,,,,,,
,,Phone :9357626,,,,,,,
,,www.ihcbdhaka@gmail,,,,,,,
,,.com,,,,,,,
142,M.A.F. Bangladesh,"House-299, Lane-4,",933,4-May-95,4-May-15,4-May-20,Dhaka,Sweden,
,,"DOHS, Baridhara,",,,,,,,
,,Dhaka,,,,,,,
,,"Phone : 8410164, Fax:",,,,,,,
,,8410165,,,,,,,
,,www.mafbangladesh.or,,,,,,,
,,g,,,,,,,
143,Management Science,"House-28, road-63,",2624,23-Feb-11,,23-Feb-16,Dhaka,USA,
,for Health,"Gulshan-2, Dhaka.",,,,,,,
,,Phone: 28822687,,,,,,,
144,Marcy International,Moynerbag Welfare,632,28-Jun-92,,28-Jun-97,Dhaka,USA,
,,"Complex, 326/327,",,,,,,,
,,"Moynerbag, Uttar",,,,,,,
,,"Badda, Dhaka.",,,,,,,
145,Medecins Sans,"House-34, Road-35,",665,11-Nov-92,11-Nov-12,11-Nov-22,Dhaka,France,
,Frontieres - France,"Gulshan-2, Dhaka",,,,,,,
,,Phone : 8814324,,,,,,,
146,Medicins Sans,"House # 102, Road-",664,11-Oct-92,10-Nov-17,10-Nov-27,Dhaka,Netherlands,
,Frontieres - Holland,"13/C, Block-E, Banani,",,,,,,,
,,Dhaka.,,,,,,,
,,"Phone : 8861690, Fax :",,,,,,,
,,8814324,,,,,,,
147,Medicins Sans Frontieres,"Flat-2, Floor-2, Road-25,",3170,14-Nov-18,,14-Nov-28,Dhaka,Spain,
,(MSF) Spain,"House-97/A, Block-A,",,,,,,,
,,"Banani, Dhaka-1213.",,,,,,,
148,Medicins Sans,"House-16, Road-32,",2473,6-Aug-09,6-Aug-14,6-Aug-24,Dhaka,Belgium,
,Frontieres-Belgium,"Gulshan-1, Dhaka.",,,,,,,
,(MSFB),Phone: 8817134-6,,,,,,,
149,Mennonite Central,"4/10, Iqbal Road,",59,22-Apr-81,15-May-15,15-May-20,Dhaka,USA,
,Committee (MCC),"Mohammadpur, Dhaka-",,,,,,,
,,1207,,,,,,,
,,"Phone: 9117065,",,,,,,,
,,9114366,,,,,,,
,,www.mcc.org/banglade,,,,,,,
,,sh.,,,,,,,
150,Missionaries of Charity,"Shishu Bhaban, 26,",58,22-Apr-81,15-May-15,15-May-20,Dhaka,India,
,,"Islampur Road, Dhaka",,,,,,,
,,"Phone : 7391116,",,,,,,,
,,01732-711050,,,,,,,
151,Mozidia Trust,130 D.I.T Extension,2238,27-May-07,27-May-17,27-May-27,Dhaka,UK,
,,"Road, Rahmat Bhaban",,,,,,,
,,"(2nd Floor), Fakirapool,",,,,,,,
,,"Motijheel, Dhaka-1000",,,,,,,
,,Phone: 9336869,,,,,,,
152,"Muslim Aid-UK,",House-13 (4th & 5th,552,10-Nov-91,10-Nov-16,10-Nov-21,Dhaka,UK,
,Bangladesh Field Office,"Floor), Road-27,",,,,,,,
,,"Block-J, Banani, Dhaka-",,,,,,,
,,1213,,,,,,,
,,"Phone: 8836221,",,,,,,,
,,"8836421, Fax: 8821368",,,,,,,
,,www.muslimaidbd.org,,,,,,,
153,Muslim Hands,"House-6/11 (5th Floor),",966,30-Aug-95,30-Aug-15,30-Aug-20,Dhaka,UK,
,International,"Block-E, Lalmatia,",,,,,,,
,,Dhaka,,,,,,,
,,Phone: 9113029,,,,,,,
154,Nakagawa Trust,"Village: South Salna,",1515,15-Apr-00,20-Apr-10,20-Apr-15,Gazipur,Japan,
,,"P.O:Salna Bazar,",,,,,,,
,,"Thana: Joydebpur,",,,,,,,
,,Gazipur.,,,,,,,
,,Phone: 9204948,,,,,,,
155,NETZ partnership for,"House-3/1, Block-D,",1865,7-Aug-03,7-Aug-18,7-Aug-28,Dhaka,Germany,
,Development and,"(4th & 6th Floor),",,,,,,,
,Justice,"Lalmatia, Dhaka-1207",,,,,,,
,,"Phone: 9667018, Fax:",,,,,,,
,,8626764,,,,,,,
156,New Apostolic Church,"House-104, Road-18,",104,9-Mar-81,15-May-16,15-May-21,Dhaka,Canada,
,Bangladesh,"Sector-14, Uttara Model",,,,,,,
,,"Town, Dhaka-1230",,,,,,,
,,Phone: 7913840,,,,,,,
,,www.newapostalichurch,,,,,,,
,,.org,,,,,,,
157,Newhem Bengali,"Bari Mansion, East",1193,6-Oct-97,6-Oct-07,6-Oct-12,Sylhet,UK,
,Community Trust,"Subid Bazar, Sylhet",,,,,,,
,,Phone : 715329,,,,,,,
158,Nigata International,"3/7, Block-B(2nd floor),",1531,7-Jun-00,7-Jun-05,7-Jun-10,Dhaka,Japan,
,Volunteer Centre,"Lalmatia, Dhaka",,,,,,,
,Bangladesh,Phone : 913022,,,,,,,
159,Normisjon Bangladesh,"House-99, Flat-A-2,",108,15-Oct-81,15-May-15,15-May-20,Dhaka,Norway,
,,"Road-4/25, Block-A,",,,,,,,
,,"Banani, Dhaka",,,,,,,
,,"Phone: 8850334, Fax:",,,,,,,
,,8850335,,,,,,,
160,Norwegian Refugee,"281D, Road-19-C,",3173,19-Nov-18,,19-Nov-28,Dhaka,Norway,
,Council,"Mohakhali DOHS, Dhaka.",,,,,,,
161,Nutrition International,"House-56/C, Road-132,",2266,26-Aug-07,26-Aug-12,26-Aug-17,Dhaka,Canada,
,,"Gulshan-1, Dhaka-1212",,,,,,,
,,"Phone: 9899896, Fax:",,,,,,,
,,8815154,,,,,,,
162,OISCA-IDB (JAPAN),"Vill: Narsingpur, PO:",80,22-Apr-81,15-May-15,15-May-20,Dhaka,Japan,
,,"Zirabo, PS: Ashulia,",,,,,,,
,,"Savar, Dhaka",,,,,,,
,,Phone: 01819-252004,,,,,,,
163,Okatani Brestfeeding,Institute of Child &,2841,28-Nov-13,,28-Nov-18,Dhaka,Japan,
,Method Training,"Mother Health, Matuail,",,,,,,,
,Enhancement Project,Dhaka,,,,,,,
,,Phone: 01819-223560,,,,,,,
164,OXFAM -Bangladesh,"House-4, Road-3, Block-",79,22-Apr-81,15-May-15,15-May-20,Dhaka,UK,
,,"I, Banani, Dhaka-1212",,,,,,,
,,"Phone : 8813607-9,",,,,,,,
,,Fax: 8817402,,,,,,,
,,www.oxfam.org.uk,,,,,,,
165,Oxfam Novib,"House-4, Road-3, 1",2840,28-Nov-13,28-Nov-18,28-Nov-28,Dhaka,Netherlands,
,,"Banani, Dhaka.",,,,,,,
,,Phone: 01713-068380,,,,,,,
166,Painted Children,"Arafat Niloy, House-16,",2548,4-Mar-10,,4-Mar-15,Dhaka,UK,
,,"Road-10, Apt: NE-4,",,,,,,,
,,"Gulshan-1, Dhaka.",,,,,,,
,,Phone: 01715-600219,,,,,,,
167,Pally Life Development,"Ga-99/5 (3rd floor),",2926,10-May-15,,10-May-20,Dhaka,USA,
,Society,"Rahima Tower, Middle",,,,,,,
,,"Badda, Progati Saroni,",,,,,,,
,,"PS: Badda, Dhaka-",,,,,,,
,,1212,,,,,,,
,,Phone: 01711-566459,,,,,,,
168,"Pang Ono, Pang Ono","Masuadanga, Tilok,",2845,18-Dec-13,,18-Dec-18,Khulna,Italy,Name Changed
,(ONLUS),"Rupsha, Khulna",,,,,,,on
,,Phone: 01715-771591,,,,,,,21/12/2016
169,Path Finder International,"House-15/A, Road-35,",45,22-Apr-81,15-May-15,15-May-20,Dhaka,USA,
,,"Gulshan-2, Dhaka-1212",,,,,,,
,,"Phone: 9892176, Fax:",,,,,,,
,,9892201,,,,,,,
,,www.pathfind.org,,,,,,,
170,Peoples for Rainwater,"House-05 (3rd Floor),",2684,11-Mar-12,11-Mar-17,11-Mar-22,Khulna,Japan,
,(P.R) Bagladesh,"Road-17, Block-E,",,,,,,,
,,"Banani, Dhaka-1213",,,,,,,
171,Plan International,"House-CWN(B), 14,",670,14-Dec-92,14-Dec-17,14-Dec-27,Dhaka,USA,
,Bangladesh,"Road-35, Gulshan-2,",,,,,,,
,,Dhaka-1212,,,,,,,
,,"Phone: 8826209, fax:",,,,,,,
,,9861599,,,,,,,
,,www.plan-,,,,,,,
,,interational.org,,,,,,,
172,Population Council,"House-15B, Road-13,",442,10-Feb-91,10-Feb-16,10-Feb-21,Dhaka,USA,
,(USA),"Gulshan-1, Dhaka-1212",,,,,,,
,,"Phone: 8821227, Fax:",,,,,,,
,,8823127,,,,,,,
,,www.popcouncil.org,,,,,,,
173,Practical Action,"House-28/A, Road-05,",390,21-Oct-90,21-Oct-15,21-Oct-20,Dhaka,UK,
,,"Dhanmondi R/A, Dhaka-",,,,,,,
,,1205,,,,,,,
,,"Phone: 9672683, Fax:",,,,,,,
,,9674340,,,,,,,
,,www.practicalaction.org,,,,,,,
174,Premiere Urgence,"Apt-101, 72, Park",2413,25-Feb-09,25-Feb-14,25-Feb-24,Dhaka,France,Name changed
,International (PUI),"Road, Baridhara,",,,,,,,
,,Dhaka.,,,,,,,
175,Presbyterian Fellowship,"Vill: Karamtalo, Post :",121,14-Jan-82,15-May-15,15-May-20,Dhaka,South Korea,
,in Bangladesh,"Pobail, Dist: Gazipur.",,,,,,,
,,Phone: 02-9814091,,,,,,,
176,Progetto Uomo Rishilpi,"Gopinathpur, Binerpota,",215,24-Feb-87,24-Feb-17,24-Feb-22,Sathkhira,Italy,
,International Onlus,Satkhira-9400,,,,,,,
,,"Phone : 0471-63527,",,,,,,,
,,Fax: 0471-63027,,,,,,,
,,www.prouomorishilpi.or,,,,,,,
,,g,,,,,,,
177,Project Concern,"House-411, Road-04,",2591,8-Aug-10,8-Aug-15,8-Aug-20,Khulna,USA,
,International,Sonadanga Housing,,,,,,,
,,"(Phase-2), Khulna-9100",,,,,,,
,,Phone: 041-724387,,,,,,,
,,www.pciproshar.org,,,,,,,
178,Project Hope,"A4 La Casandra, 44",2800,11-Jul-13,,11-Jul-18,Dhaka,USA,
,,Ramkrishna Mission,,,,,,,
,,"Road, Dhaka.",,,,,,,
,,Phone: 9569028,,,,,,,
179,Project Orbis,"Esprit, Apartment No.-",1471,20-Jan-00,20-Jan-15,20-Jan-20,Dhaka,USA,
,International Inc.,"A4, Plot-24, Road-130,",,,,,,,
,,"Gulshan-1, Dhaka-1212",,,,,,,
,,"Phone: 9858033, Fax:",,,,,,,
,,+8802 9849702,,,,,,,
,,www.orbis.org.bd,,,,,,,
180,Qatar Charity,"House-51, Road-13,",929,19-Apr-95,19-Apr-15,19-Apr-20,Dhaka,Qatar,
,,"Block-E, Banani, Dhaka-",,,,,,,
,,1213,,,,,,,
,,"Phone : 9883439, Fax:",,,,,,,
,,9872941,,,,,,,
181,Rabeta Al Alam Al Islam,"H-5/5, Gaznabi Road,",110,19-Oct-81,15-May-07,15-May-12,Dhaka,Saudi Arabia,
,,"Block-B,",,,,,,,
,,"Mohammadpur, Dhaka-",,,,,,,
,,1207,,,,,,,
,,Phone : 9121027,,,,,,,
182,Ramkrishna Mission,"27, R.K. Mission Road,",16,22-Apr-81,15-May-10,15-May-15,Dhaka,India,
,,Dhaka-1203,,,,,,,
,,"Phone : 955370,",,,,,,,
,,9564055,,,,,,,
183,Relief International,House-451 (3rd & 4th,2044,8-Nov-05,8-Nov-15,8-Nov-20,Dhaka,USA,
,,"Floor), Road-08 (West),",,,,,,,
,,"Baridhara DOHS,",,,,,,,
,,Dhaka-1206,,,,,,,
,,"Phone: 8413156, Fax:",,,,,,,
,,8413156,,,,,,,
,,www.ri-org,,,,,,,
184,"Research, Training and","Rtm Complex, 581,",871,30-Nov-94,30-Nov-14,30-Nov-19,Dhaka,USA,
,Management,"Shewrapara, Begum",,,,,,,
,International,"Rokeya Sarani, Mirpur,",,,,,,,
,,Dhaka-1216,,,,,,,
,,"Phone: 8034814,Fax:",,,,,,,
,,8034638,,,,,,,
,,www.rtm-,,,,,,,
185,"Rissho Kosei-Kai,","85/A, Chanmari Road,",2532,26-Jan-10,26-Jan-15,26-Jan-20,Dhaka,Japan,
,Bangladesh,"Hilside R/A, Lalkhan",,,,,,,
,,"Bazar, Khulsi,",,,,,,,
,,Chittagong,,,,,,,
,,Phone: 8413855,,,,,,,
186,Rodem Foundation,"House-266, Lane-3,",2822,9-Oct-13,9-Oct-18,9-Oct-28,Dhaka,South Korea,
,,"Baridhara New DOHS,",,,,,,,
,,Dhaka.,,,,,,,
,,Phone: 01715-016732,,,,,,,
187,Room to Read,6/3 Lalmatia (2nd and,2376,10-Jul-08,10-Jul-18,10-Jul-28,Dhaka,USA,
,Bangladesh,"3rd Floor), Block-D,",,,,,,,
,,"Dhaha, Bangladesh.",,,,,,,
,,"Telephone: 9103627,",,,,,,,
,,Fax: 9111766,,,,,,,
,,www.roomtoread.org,,,,,,,
188,Salt Financial Literacy,"43/4, Senpara, Parbata,",3054,5-Dec-16,,5-Dec-21,Dhaka,USA,
,"International, Inc.","Mirpur-10, Dhaka",,,,,,,
,,Phone: 01720304075,,,,,,,
189,Samsal Bangladesh,"67/2, Jikhatola (5th",2455,9-Jun-09,9-Jun-14,9-Jun-19,Dhaka,South Korea,
,(Skip A Meal Save A,"Floor), Dhaka",,,,,,,
,Life),Phone: 01720-581722,,,,,,,
190,Save The Children,"House-1A(2), Road-91,",35,22-Apr-81,15-May-10,15-May-15,Dhaka,USA,
,(USA),"Gulshan-2, Dhaka.",,,,,,,
,,"Phone: 8828081, Fax:",,,,,,,
,,9886372,,,,,,,
191,Save The Children Fund,"House-3/1, Road-08,",212,21-Jan-87,21-Jan-11,21-Jan-16,Dhaka,Australia,
,(Australia),"Dhanmondi, Dhaka-",,,,,,,
,,1205,,,,,,,
,,"Phone: 9611599, Fax:",,,,,,,
,,9611600,,,,,,,
,,www.savethechildren.or,,,,,,,
,,g.au,,,,,,,
192,Save The Children Fund,"Plot-14, Road # 16A,",22,22-Apr-81,15-May-10,15-May-15,Dhaka,UK,
,(UK),"Gulshan-1, Dhaka-1212",,,,,,,
,,Phone : 8812523,,,,,,,
193,Save the Children,"House-CWN(A) 35,",2630,20-Mar-11,20-Mar-16,20-Mar-21,Dhaka,UK,
,International,"Road-43, Gulshan-2,",,,,,,,
,,Dhaka-1212,,,,,,,
,,"Phone: 9861690, Fax:",,,,,,,
,,9886372,,,,,,,
194,Save the Children-,"House-9, Road-16,",27,22-Apr-81,15-May-10,15-May-15,Dhaka,Sweden,
,Sweden,"Circle-1, Gulshan-1,",,,,,,,
,,Dhaka,,,,,,,
,,"Phone : 8828118, Fax:",,,,,,,
,,8810448,,,,,,,
,,www.savethechildren.d,,,,,,,
,,k.rb.se,,,,,,,
195,School Aid Japan-,"Narayankul, Pubail,",3185,20-Jan-19,,20-Jan-29,Gazipur,Japan,
,Bangladesh,"Sadar, Gazipur",,,,,,,
,,Mob: 01782745414,,,,,,,
196,Sefar World,"House-08, Road-13,",2774,19-Mar-13,19-Mar-18,19-Mar-28,Dhaka,UK,
,,"Dhanmondi, Dhaka",,,,,,,
,,Phone: 8159970,,,,,,,
197,Service Civil,"7 Maharaja Road,",184,18-Aug-85,18-Aug-95,18-Aug-00,Dhaka,Switzerland,
,International (SCI),Mymenshing.,,,,,,,
,Bangladesh,,,,,,,,
198,Sesame Workshop,"3rd Floor, House-01,",2739,30-Oct-12,30-Oct-17,30-Oct-27,Dhaka,USA,
,Bangladesh,Shayesta Khan,,,,,,,
,,"Avenue, Sector-04,",,,,,,,
,,"Uttara, Dhaka",,,,,,,
,,Phone: 01811-458725,,,,,,,
199,Seventh Day Adventist,"149, Shah Ali Bagh,",62,22-Apr-81,15-May-15,15-May-20,Dhaka,USA,
,Church of Bangladesh,"Mirpur-1, Dhaka-1216",,,,,,,
,,Phone : 8012340,,,,,,,
200,Shapla Neer (Help,"9/19 Iqbal Road, Block",111,29-Oct-81,15-May-15,15-May-20,Dhaka,Japan,
,Bangladesh Committee),"# A, Mohammadpur,",,,,,,,
,,Dhaka,,,,,,,
,,"Phone : 9119195, Fax:",,,,,,,
,,8116009,,,,,,,
201,Sharjah Charity,"House-02, Road-06/A,",825,20-Apr-94,20-Apr-19,20-Apr-29,Dhaka,UAE,
,International,"Sector-04, Uttara,",,,,,,,
,,Dhaka-1230,,,,,,,
,,Phone: 89955395,,,,,,,
202,Sight Savers-Royal,"House-1/B (5th floor),",7,22-Apr-81,15-May-15,15-May-20,Dhaka,UK,
,Commonwealth Society,"Road-08, Block-I,",,,,,,,
,for the Blind,"Banani, Dhaka-1213",,,,,,,
,,"Phone: 8826821, Fax:",,,,,,,
,,8826580,,,,,,,
,,www.sightsavers.org,,,,,,,
203,Sil International,"House-11, Road-19/A,",1571,5-Oct-00,5-Oct-15,5-Oct-20,Dhaka,USA,
,,"Sector-04, Uttara,",,,,,,,
,,Dhaka-1234,,,,,,,
,,Phone: 58950923,,,,,,,
204,Sir William Beveridge,Hasan Holdings (6th,2262,15-Aug-07,15-Aug-17,15-Aug-27,Dhaka,UK,
,Foundation,"Floor), 52/1, New",,,,,,,
,,"Eskaton Road, Ramna,",,,,,,,
,,Dhaka-1000,,,,,,,
,,"Phone: 9353633, Fax:",,,,,,,
,,9361500,,,,,,,
,,www.beveridgefoundati,,,,,,,
205,SMC (Sacheon Multi,"House-24 (Gr. Fl.),",2826,30-Oct-13,30-Oct-18,30-Oct-28,Dhaka,South Korea,
,Cultural Intigration,"Road-4, Sector-12,",,,,,,,
,Support Center,"Uttara, Dhaka.",,,,,,,
,,Phone: 01779-479566,,,,,,,
206,Society for International,4/14 Humayun Road,105,3-Sep-81,15-May-15,15-May-20,Dhaka,Canada,
,Ministries (SIM),"Mohammadpur, Dhaka.",,,,,,,
,,Phone: 04478005870,,,,,,,
207,Society of Social and,"House-24, Road-08,",760,25-Oct-93,25-Oct-13,25-Oct-18,Dhaka,Kuwait,
,Technological Support,"Sector-06, Uttara,",,,,,,,
,,Dhaka.,,,,,,,
,,Phone: 8915338,,,,,,,
,,www.ssrbd.org,,,,,,,
208,Solidarided Network,Appartment-A/1 (1st,2827,30-Oct-13,,30-Oct-18,Dhaka,Hangkong,
,Asia,"Fl.), Plot-32 (New), 631",,,,,,,
,,"(Old), Dhanmondi,",,,,,,,
,,Dhaka.,,,,,,,
,,Phone: 01712-187988,,,,,,,
209,Solidarities International,"House-15, Apartment-",2383,5-Aug-08,5-Aug-13,5-Aug-18,Dhaka,France,
,,"502, Road-124,",,,,,,,
,,"Gulshan-1, Dhaka-1212",,,,,,,
,,Phone: 01727-675549,,,,,,,
,,www.solidarites.org,,,,,,,
210,Solinfo Association,"House-142, Road-12,",2087,12-Apr-06,12-Apr-11,12-Apr-16,Dhaka,France,
,,"Block-F, Banani, Dhaka-",,,,,,,
,,1213,,,,,,,
,,Phone: 01726-800870,,,,,,,
,,www.solinfo.asso.fr,,,,,,,
211,Sonar Bangla,"19/7, Babor Road,",2949,4-Jul-15,,4-Jul-20,Dhaka,USA,
,Foundation Bangladesh,"Block-B,",,,,,,,
,,"Mohammadpur, Dhaka",,,,,,,
,,Phone: 01715-228770,,,,,,,
212,"SONNE International,",PC Culture Housing,2399,11-Jan-09,11-Jan-19,11-Jan-29,Dhaka,Austria,
,Austria,Society,,,,,,,
,,"House-21, Road-03,",,,,,,,
,,"Block-Kha, Shekhertek,",,,,,,,
,,"Mohammadpur, Dhaka.",,,,,,,
,,"Phone: 01713-040837,",,,,,,,
,,01911-177339,,,,,,,
213,SOS - Children's Village,"1, Shyamoli, Mirpur",46,22-Apr-81,15-May-15,15-May-20,Dhaka,Austria,
,International in,"Road, Dhaka",,,,,,,
,Bangladesh,Phone : 8118189,,,,,,,
,,www.sos-,,,,,,,
,,bangladesh.org,,,,,,,
214,South Asia Partnership,"H-63, Block-KA,",156,29-Mar-84,14-May-15,14-May-20,Dhaka,Canada,
,Bangladesh (SAP-B),"Housing, Pis. &",,,,,,,
,,"Farming Cooperative,",,,,,,,
,,Dhaka.,,,,,,,
,,Phone : 8112103,,,,,,,
,,www.sap-bd.org,,,,,,,
215,Spaandan B.,"Flat-5/a, Shahjahan",2623,9-Feb-11,9-Feb-16,9-Feb-26,Dhaka,USA,
,,"Road, Block-a, Town",,,,,,,
,,"Hall Bazar,",,,,,,,
,,"Mohammadpur, dhaka.",,,,,,,
,,Phone: 01713-036360,,,,,,,
216,Stiching Land,House-143/Ka (3rd,1143,8-Mar-97,8-Mar-17,8-Mar-27,Dhaka,Netherlands,
,Ontwikkelings Project,"Floor), Road-05, PC",,,,,,,
,Bangladesh (SLOPB),Culture Housing,,,,,,,
,,"Society, Shaymoli,",,,,,,,
,,"Mohammadpur, Dhaka-",,,,,,,
,,1207,,,,,,,
,,Phone: 9110740,,,,,,,
217,Stichting Max,"JKH Windsel, Level-4,",2855,6-May-14,,6-May-19,Dhaka,Netherlands,
,Foundation,"Ka-90, Pragati Sarani,",,,,,,,
,,Dhaka,,,,,,,
,,Phone: 31-624505000,,,,,,,
218,Street Children Partners,"House-16, Road-05,",1842,18-Jun-03,18-Jun-18,18-Jun-28,Dhaka,France,
,Bangladesh,"Block-F, Section-2,",,,,,,,
,,"Mirpur, Dhaka.",,,,,,,
,,Phone: 9010863,,,,,,,
219,Stretched Arm Society-,"Plot-369, Block-D,",2228,5-Aug-07,,5-Aug-12,Dhaka,Canada,
,Bangladesh,"Bashundara, Dhaka-",,,,,,,
,,1212,,,,,,,
220,Stromme Foundation,"B/137(1st Floor), Road-",508,31-Jul-91,31-Jul-16,31-Jul-21,Dhaka,Norway,
,,"22, New DoHS,",,,,,,,
,,"Mohakhali, Dhaka.",,,,,,,
,,Phone: 9858683,,,,,,,
,,www. Stromme.org,,,,,,,
221,Swisscontact-,"House-19, Road-11,",2392,16-Nov-08,16-Nov-18,16-Nov-28,Dhaka,Switzerland,
,Bangladesh,"Baridhara, Dhaka-1212",,,,,,,
,,"Phone: 88-02-9882663,",,,,,,,
,,88-02-9883496,,,,,,,
,,www.swisscontact.org.b,,,,,,,
,,d,,,,,,,
222,Symbiosis Bangladesh,"Rupayan View, Flat-D-",895,9-Feb-95,9-Feb-15,9-Feb-20,Dhaka,Australia,
,,"1, Road-2/A, Sector-05,",,,,,,,
,,"Uttara, Dhaka.",,,,,,,
,,Phone: 8871434,,,,,,,
223,Syngenta Foundation for,"House-2/1-A, Block-G,",3119,18-Dec-17,,18-Dec-27,Dhaka,Switzerland,
,Sustainable Agriculture,"Lalmatia, Dhaka",,,,,,,
,Bangladesh (SFSA,Tel: 8100437,,,,,,,
,Bangladesh),,,,,,,,
224,Teach for Bangladesh,"Road-79, House-1/C,",2868,23-Jun-14,,23-Jun-19,Dhaka,USA,
,,"Flat-B-502, Gulshan-2,",,,,,,,
,,Dhaka.,,,,,,,
225,Tear Fund,"House-196, Lane-",3000,31-Jan-16,,31-Jan-21,Dhaka,UK,
,,"DOHS, Baridhara,",,,,,,,
,,Dhaka,,,,,,,
,,Phone: 01711-379056,,,,,,,
226,Terre des Homes,"House-3B, Road-84,",1561,30-Aug-00,30-Aug-15,30-Aug-20,Dhaka,Italy,
,Foundation-Italy,"Gulshan-02, Dhaka-",,,,,,,
,,1212,,,,,,,
,,"Phone: 8818895,Fax:",,,,,,,
,,"9887435, 01711-",,,,,,,
,,548742,,,,,,,
,,E-mail:,,,,,,,
227,Terre-Des-Homes,"House-18B (New),",40,22-Apr-81,15-May-15,15-May-20,Dhaka,Netherlands,
,(Netherlands),"670/A (Old), Road-11",,,,,,,
,,"(New), 32 (Old),",,,,,,,
,,"dhanmondi R/A, Dhaka",,,,,,,
,,Phone: 8130999,,,,,,,
228,Terre-Des-Homes,"House-141, Road-04,",32,22-Apr-81,15-May-15,15-May-20,Dhaka,Switzerland,
,Foundation (Swiss),"Block-A, Apt. A5,",,,,,,,
,,"Banani, Dhaka.",,,,,,,
,,"Phone: 8835114, Fax:",,,,,,,
,,8835115,,,,,,,
,,www.tdh.ch,,,,,,,
229,The Centers for,"House-338, Road-24,",2497,14-Oct-09,,14-Oct-14,Dhaka,USA,
,"International Programs,","New DOHS, Mohakhali,",,,,,,,
,Inc.,Dhaka.,,,,,,,
,,"Phone: 8833505, Fax:",,,,,,,
,,8833505,,,,,,,
230,The Foundation for,"House-15, Road-3/E,",2970,22-Sep-15,,22-Sep-20,Dhaka,USA,
,Charitable Activities in,"Sector-09, Uttara Model",,,,,,,
,Bangladesh,"Town, Dhaka",,,,,,,
231,The Glencoe Foundation,"House-114, Road-15,",2605,27-Oct-10,27-Oct-15,27-Oct-20,Dhaka,Australia,
,,"Block-C, Banani, Dhaka-",,,,,,,
,,1213,,,,,,,
,,"Phone: 9855324, Fax:",,,,,,,
,,9855324,,,,,,,
232,The Global Alliance for,"Appt-A/3 (2nd Fl.),",2785,12-May-13,12-May-18,12-May-28,Dhaka,Switzerland,
,Improved Nutirtion,"House- New(B)/1 2/1,",,,,,,,
,,"Road-71, North",,,,,,,
,,"Gulshan-2, Dhaka.",,,,,,,
233,The Humanitarian &,"45 Topkhana Road,",2914,25-Jan-15,,25-Jan-20,Dhaka,UK,
,Saving Lives Trust,Tropikhana Tower (11th,,,,,,,
,,"Floor), Room-11/D,",,,,,,,
,,Dhaka,,,,,,,
,,Phone: 079844309929,,,,,,,
234,The Optimists,"2, Bijoy Nagar (Ground",2179,26-Dec-06,26-Dec-16,26-Dec-21,Dhaka,USA,
,,"Floor), Paltan, Dhaka-",,,,,,,
,,1000,,,,,,,
,,Phone: 02-8331516,,,,,,,
,,www.theoptimists.gmail,,,,,,,
,,.com,,,,,,,
235,The Reiyukai,"59 East Basabo,",2173,7-Dec-06,7-Dec-11,7-Dec-16,Dhaka,Japan,
,Bangladesh,"Sabujbagh, Dhaka-",,,,,,,
,,1219,,,,,,,
,,"Phone: 01819-338414,",,,,,,,
,,01819-338418,,,,,,,
236,The Salvation Army,House-365/2 DOHS,33,22-Apr-81,15-May-15,15-May-20,Dhaka,UK,
,,"Baridhara, Road-06,",,,,,,,
,,"West, Dhaka-1206",,,,,,,
,,"Phone: 8411755, Fax:",,,,,,,
,,8411757,,,,,,,
237,The Sreepur Village,"House-20, Road-17,",1144,16-Mar-97,16-Mar-17,16-Mar-27,Dhaka,UK,
,Bangladesh,"Nikonja-2, Dhaka",,,,,,,
,,Phone: 8953308,,,,,,,
,,www.thesreepurvillage.,,,,,,,
,,org,,,,,,,
238,The Swallows India,"4/6 (G. Floor), Block-a,",85,22-Apr-81,15-May-15,15-May-20,Rajshahi,Sweden,
,Bangladesh,"Lalmatia, Dhaka-1207",,,,,,,
,,Phone: 01713-015642,,,,,,,
239,The Zakat Foundation of,"7/1, Monesar Road,",2214,21-Mar-07,21-Mar-17,21-Mar-22,Dhaka,USA,
,America Bangladesh,"Zigatola,Dhaka-1209",,,,,,,
,,Phone: 9631120,,,,,,,
240,Transform Aid,86 Monipuripara (1st,1324,21-Dec-98,21-Dec-18,21-Dec-28,Dhaka,Australia,
,International,"Floor), Flat No. A5,",,,,,,,
,Bangladesh,"Farmgate, Tejgaon,",,,,,,,
,,Dhaka-1215,,,,,,,
,,Phone: 9123277,,,,,,,
,,Email:,,,,,,,
,,abwaid@bdcom.com,,,,,,,
241,Tranzsend-Bangladesh,"Mission House, Mission",74,22-Apr-81,15-May-15,15-May-20,Chandpur,New Zealand,
,,"Road, Post Box-3,",,,,,,,
,,Chandpur.,,,,,,,
,,Phone: 0841-66556,,,,,,,
242,Uchicago Research,"House-04, Road-2B,",2959,20-Aug-15,,20-Aug-20,Dhaka,USA,
,Bangladesh LLC,"Sector-4, Uttara Model",,,,,,,
,,"Town, Dhaka",,,,,,,
,,Phone: 8952011,,,,,,,
243,Unitarian Service,"4/1, Iqbal Road,",114,30-Dec-81,15-May-10,15-May-15,Dhaka,Canada,
,Committee of Canada in,"Mohammadpur, Dhaka",,,,,,,
,Bangladesh,Phone : 8112031,,,,,,,
244,United Kingdom,"House-144 (3rd Floor),",1889,20-Nov-03,20-Nov-13,20-Nov-18,Sylhet,UK,Cancelled on
,Bangladesh Education,"Road-04, Block-E,",,,,,,,"09/08/2010,"
,Trust (UKBET),"Shahjalal Uposhahar,",,,,,,,Revived on
,,,,,,,,,9/6/2011
,,Sylhet-3100,,,,,,,
,,Phone: 0821-723089,,,,,,,
,,www.ukbetbd.org,,,,,,,
245,United Purpose,"House-08, Road-28,",702,4-May-93,4-May-18,4-Dec-28,Dhaka,UK,
,,"Block-K, Banani,",,,,,,,
,,Dhaka.,,,,,,,
,,"Phone: 8855296,",,,,,,,
,,9883267,,,,,,,
,,www.concern-,,,,,,,
,,universal.org,,,,,,,
246,United Social,"21/1, Jigatola,",772,9-Nov-93,,9-Nov-98,Dhaka,USA,
,Organization,"Dhanmondi R.A.,",,,,,,,
,,Dhaka,,,,,,,
247,University Research,"Basati Condominium,",2655,25-Aug-11,25-Aug-16,25-Aug-21,Dhaka,USA,
,Co.LLC. Centre for,"House-15, Road-17,",,,,,,,
,Human Services,"Banani, Dhaka.",,,,,,,
248,Voluntary Service,"House-382, Road-28,",21,22-Apr-81,15-May-15,15-May-20,Dhaka,UK,
,Overseas (VSO),"New DOHS, Mohakhali,",,,,,,,
,,Dhaka-1206,,,,,,,
,,"Phone: 9851462, Fax:",,,,,,,
,,9893243,,,,,,,
,,www.vsointernational.or,,,,,,,
,,g,,,,,,,
249,Volunteers Association,"House-806, Road-03,",2041,17-Jan-06,17-Jan-16,17-Jan-21,Dhaka,USA,
,for Bangladesh,Baitual Aman Housing,,,,,,,
,,"Society, Adabor, Dhaka",,,,,,,
,,Phone: 9104558,,,,,,,
250,Water & Life,"Flat-5A, 7/8 Sir Syed",2802,24-Jul-13,24-Jul-18,24-Jul-28,Dhaka,France,
,Bangladesh,"Road, Asad Gate,",,,,,,,
,,"Mohammedpur, Dhaka.",,,,,,,
,,Phone: 01730-641333,,,,,,,
251,Water & Sanitation for,"House-103, Lane-4,",2694,17-May-12,17-May-17,17-May-27,Dhaka,UK,
,the Urban Poor,"Jannata Housing,",,,,,,,
,,"Mirpur-2, Dhaka.",,,,,,,
,,Phone: 8143742,,,,,,,
252,Water Aid,"House-97/B, Road-25,",1022,31-Mar-96,31-Mar-16,31-Mar-21,Dhaka,UK,
,,"Block-A, Banani, Dhaka-",,,,,,,
,,1213,,,,,,,
,,"Phone: 8815757, Fax:",,,,,,,
,,9882577,,,,,,,
,,www.wateraid.org/bangl,,,,,,,
,,adesh,,,,,,,
253,Water Org.,"House-741, Road-09,",2916,25-Jan-15,,25-Jan-20,Dhaka,USA,
,,Baitul Aman Housing,,,,,,,
,,"Society, Dhaka.",,,,,,,
,,Phone: 01972-712901,,,,,,,
254,Welfare Association,"House-15, Road-11,",680,26-Jan-93,26-Jan-13,26-Jan-18,Dhaka,UAE,
,Fujairah,"Sector-04, Uttara Model",,,,,,,
,,"Town, Dhaka.-1230",,,,,,,
,,"Phone: 8913677, Fax:",,,,,,,
,,8913677,,,,,,,
255,Well International,"House-06, Ward-03,",2243,13-Jun-07,13-Jun-17,13-Jun-27,Dhaka,South Korea,
,,"Road-03, Solmaid,",,,,,,,
,,"Ferajitola, Badda,",,,,,,,
,,Dhaka.,,,,,,,
,,Phone: 01716-817476,,,,,,,
256,Wildlife Conservation,"House-89, Road-2,",2750,10-Dec-12,10-Dec-17,10-Dec-27,Khulna,USA,
,Society,"Sonadanga, Khulna",,,,,,,
,,Phone: 01713-228800,,,,,,,
257,Winrock International,"House-2(2nd Fl.), Rd-",1269,1-Jun-98,1-Jun-18,1-Jun-28,Dhaka,USA,
,Institute For Agriculture,"23/A, Gulshan, Dhaka",,,,,,,
,Development,Phone :,,,,,,,
,,"98,879,439,889,183",,,,,,,
,,www.winrock.org,,,,,,,
258,World Assembly of,"House-17, Road-5,",1470,20-Jan-00,20-Jan-05,20-Jan-10,Dhaka,Saudi Arabia,
,Muslim Youths,"Sector-7, Uttara Model",,,,,,,
,,"Town, Dhaka",,,,,,,
,,Phone : 8919123,,,,,,,
259,World Concern,"12/8 Iqbal Road, Block",561,16-Nov-91,16-Nov-16,16-Nov-21,Dhaka,USA,
,,"# A, Mohammadpur,",,,,,,,
,,Dhaka-1207,,,,,,,
,,"Phone : 8124543, Fax:",,,,,,,
,,8113255,,,,,,,
,,www.worldconcernbd.or,,,,,,,
,,g,,,,,,,
260,World Life,"Holding-11/15, Block-K,",2109,11-Jul-06,11-Jul-16,11-Jul-21,Dhaka,South Korea,
,,"Pastrim Bilashpur,",,,,,,,
,,"Joydebpur, Gazipur-",,,,,,,
,,1700,,,,,,,
,,Phone: 01680-221554,,,,,,,
261,World Mission Prayer,"LAMB Hospital, PO-",112,10-Nov-81,15-May-15,15-May-20,Dhaka,USA,
,League (Lamb Hospital),"Parbatipur, Dinajpur-",,,,,,,
,,5250,,,,,,,
,,Phone: 05334-74386,,,,,,,
,,www.lambproject.org,,,,,,,
262,World Renew,"House-268 (2nd Fl.),",43,22-Apr-81,15-May-15,15-May-20,Dhaka,USA,
,,"Lane-08, DOHS,",,,,,,,
,,"Baridhara, Dhaka-1212",,,,,,,
,,"Phone: 8419171,",,,,,,,
,,8415076,,,,,,,
,,Fax: 8415076,,,,,,,
263,World View International,"House-539, R-12, Baitul",494,29-Jun-91,29-Jun-01,29-Jun-06,Dhaka,Norway,
,Foundation,"Aman Housing Society,",,,,,,,
,,"Adabar, Shyamoli,",,,,,,,
,,Dhaka.,,,,,,,
,,Phone : 8113138,,,,,,,
264,World Vision,34 Kemal Ataturk,47,22-Apr-81,15-May-15,15-May-20,Dhaka,USA,
,Bangladesh,"Avenue, AWAL Centre",,,,,,,
,,"(4th Fl.), Banani,",,,,,,,
,,Dhaka.,,,,,,,
,,"Phone: 8813555-7,",,,,,,,
,,8815515-7,,,,,,,
,,Fax: 880-2-8815180,,,,,,,
265,Yardimeli International,"House-06, Road-10,",2965,14-Sep-15,,14-Sep-20,Dhaka,Turkey,
,Humanitarian Relief,"Sector-13, Uttara,",,,,,,,
,Organization,Dhaka,,,,,,,
,,Phone: 01684-343434,,,,,,,