num_var,ngo_name,ngo_address,reg_no,reg_date,renewed_on,valid_until,district,country,remarks
1,Austcare,"Niribili Pital Building (1st Floor),
House-49, Block-B, Soykat R/A,
Cox'sBazar",2382,31-Jul-08,,31-Jul-13,Cox'sBazar,Australia,
2,"Australian Baptist
Misionary Society, The","Jarina Cottage, 110, Monipuripara,
Gate-01, Tejgaon, Dhaka-1215
Phone: 9102325, Fax: 9102324",93,22-Apr-81,15-May-15,15-May-20,Dhaka,Australia,
3,"Co-operation in
Development of
Bangladesh","Ward-06, Post: Char Fassion, Dist:
Bhola-8340
Phone: 01715050340
www.fredhyde.org",99,07-Jun-91,07-Jul-21,06-Jul-31,Bhola,Australia,
4,"Human Appeal
International
Bangladesh","Unit-4A, House-10, Road-01,
Sector-14, Uttara Model Town,
Dhaka.
Phone: 01757160560",3092,26-Oct-17,,26-Oct-27,Dhaka,Australia,
5,"Save The Children Fund
(Australia)","House-3/1, Road-08, Dhanmondi,
Dhaka-1205
Phone: 9611599, Fax: 9611600
www.savethechildren.org.au",212,21-Jan-87,21-Jan-11,21-Jan-16,Dhaka,Australia,
6,Symbiosis Bangladesh,"Rupayan View, Flat-D-1, Road-2/A,
Sector-05, Uttara, Dhaka.
Phone: 8871434",895,09-Feb-95,09-Feb-20,09-Feb-30,Dhaka,Australia,
7,"The Glencoe
Foundation","House-114, Road-15, Block-C,
Banani, Dhaka-1213
Phone: 9855324, Fax: 9855324",2605,27-Oct-10,27-Oct-20,27-Oct-30,Dhaka,Australia,
8,"Transform Aid
International
Bangladesh","86 Monipuripara (1st Floor), Flat
No. A5, Farmgate, Tejgaon, Dhaka-
1215
Phone: 9123277
Email: abwaid@bdcom.com",1324,21-Dec-98,21-Dec-18,21-Dec-28,Dhaka,Australia,
9,"SONNE International,
Austria","PC Culture Housing Society
House-21, Road-03, Block-Kha,
Shekhertek, Mohammadpur,
Dhaka.
Phone: 01713-040837, 01911-",2399,11-Jan-09,11-Jan-19,11-Jan-29,Dhaka,Austria,
10,"SOS - Children's Village
International in
Bangladesh","1, Shyamoli, Mirpur Road, Dhaka
Phone : 8118189
www.sos-bangladesh.org",46,22-Apr-81,15-May-20,15-May-30,Dhaka,Austria,
11,DAKBHANGA,"Nur Villa (Gr. Floor), Thana Road,
Sipahi Para, Ramu, Cox'sBazar.
Phone: 01711-112159, 01819-
928751, 01819-934935",1952,31-Aug-04,31-Aug-19,31-Aug-29,Cox'sBazar,Belgium,
12,Damien Foundation,"House-24, Road-18, Block-A,
Banani Model Town, Dhaka.
Phone : 8822189, Fax: 8810989",583,01-Nov-92,11-Jan-22,10-Jan-32,Dhaka,Belgium,
13,"Medicins Sans
Frontieres-Belgium
(MSFB)","House-16, Road-32, Gulshan-1,
Dhaka.
Phone: 8817134-6",2473,06-Aug-09,06-Aug-14,06-Aug-24,Dhaka,Belgium,
14,Families for Children,"House-01, Road-10, Sector-09,
Uttara, Dhaka-1230
Phone: 5895219, Fax: 8918197-8",48,22-Apr-81,15-May-20,14-May-30,Dhaka,Canada,
,,,,,,,,,
15,"New Apostolic Church
Bangladesh","House-104, Road-18, Sector-14,
Uttara Model Town, Dhaka-1230
Phone: 7913840
www.newapostalichurch.org",104,09-Mar-81,15-May-21,14-May-31,Dhaka,Canada,
16,Nutrition International,"House-56/C, Road-132, Gulshan-1,
Dhaka-1212
Phone: 9899896, Fax: 8815154",2266,26-Aug-07,26-Aug-17,26-Aug-27,Dhaka,Canada,
17,"Society for International
Ministries (SIM)","4/14 Humayun Road
Mohammadpur, Dhaka.
Phone: 04478005870",105,03-Sep-81,15-May-20,15-May-30,Dhaka,Canada,
18,"South Asia Partnership
Bangladesh (SAP-B)","H-63, Block-KA, Mdpur Housing,
Pis. & Farming Cooperative,
Dhaka.
Phone : 8112103
www.sap-bd.org",156,29-Mar-84,14-May-20,14-May-30,Dhaka,Canada,
19,"Stretched Arm Society-
Bangladesh","Plot-369, Block-D, Bashundara,
Dhaka-1212.",2228,05-Aug-07,,05-Aug-12,Dhaka,Canada,
20,"Unitarian Service
Committee of Canada in
Bangladesh","4/1, Iqbal Road, Mohammadpur,
Dhaka
Phone : 8112031",114,30-Dec-81,15-May-10,15-May-15,Dhaka,Canada,
21,"3F-United Federation of
Danish Workers","Road-54, Houase-11/A, Apartment-
B/4, Gulshan, Dhaka, Phone: 01764-
405244",2843,10-Dec-13,10-Dec-18,10-Dec-28,Dhaka,Denmark,
22,"Bangladesh Lutheran
Mission, Danish (BLM-
D)","3/13, Iqbal Road, Mohammadpur,
Dhaka
Phone : 9129747",103,03-Sep-81,15-May-05,15-May-10,Dhaka,Denmark,
23,Dan Church Aid,"House-83, Apart-A/3, Road-23,
Gulshan, Dhaka.
Phone: 8834343
www.danchurch.org",2596,14-Sep-10,14-Sep-20,14-Sep-30,Dhaka,Denmark,
24,"Danish Bangladesh
Laprosy Mission","House-483, Road-32, Mohakhali
DOHS (New), Dhaka-1206
Phone: 9882058
www.leprosymission.org",39,27-Aug-81,15-May-20,15-May-30,Dhaka,Denmark,
25,Danish Refugee Council,"House-112/2, Road-03, Block-F,
3rd Floor, Banani, Dhaka-1213
Phone: 01715-895509",2804,30-Jul-13,30-Jul-18,30-Jul-28,Dhaka,Denmark,
26,"Bangladesh Lutheran
Mission, Finnish","Bangabaria, Naogaon-6500
Phoe: 0741-62421",49,22-Apr-81,15-May-20,15-May-30,Naogaon,Finland,
27,"Fida International
Bangladesh","346 East Padardia, Satarkul Road,
North Badda, Dhaka-1212
Phone: +88-02-9895698",38,22-Apr-81,15-May-20,15-May-30,Dhaka,Finland,
28,Action Contre La Faim,"House-23, Road-113/A, Gulshan-2,
Dhaka.
Phone: 8810132, 8810347
www.actioncontrelafaim.org",2330,03-Apr-08,03-Apr-18,03-Apr-28,Dhaka,France,
29,"Handicap International
Federation.","House-SW(F) 1/A, Road-4,
Gulshan-1, Dhaka-1212
Phone: +88-02-9859794, Fax: +88-
02-8819128
www.handicapinternational.org",1575,15-Oct-00,15-Oct-20,15-Oct-30,Dhaka,France,
,,,,,,,,,
30,"Medecins du Monde-
France","Gamsia Paradido, Road-16/A, Plot-
1/B, Floor-N-6, Apartment-B6,
Gulshan-1, Dhaka
Mob: 01796616414",3224,04-Nov-19,,04-Nov-29,Dhaka,France,
31,"Medecins Sans
Frontieres - France","Khaja Palace, 5th Floor, Plot-76,
Road-11, Banani, Dhaka-1213
Phone : 8814324",665,11-Nov-92,11-Nov-22,10-Nov-32,Dhaka,France,
32,"Premiere Urgence
International (PUI)","Apt-101, 72, Park Road, Baridhara,
Dhaka.",2413,25-Feb-09,25-Feb-14,25-Feb-24,Dhaka,France,"Name
change"
33,Solidarities International,"House-15, Apartment-502, Road-
124, Gulshan-1, Dhaka-1212
Phone: 01727-675549
www.solidarites.org",2383,05-Aug-08,05-Aug-18,05-Aug-28,Dhaka,France,
34,Solinfo Association,"House-142, Road-12, Block-F,
Banani, Dhaka-1213
Phone: 01726-800870
www.solinfo.asso.fr",2087,12-Apr-06,12-Apr-16,11-Apr-26,Dhaka,France,
35,"Street Children Partners
Bangladesh","House-16, Road-05, Block-F,
Section-2, Mirpur, Dhaka.
Phone: 9010863",1842,18-Jun-03,18-Jun-18,18-Jun-28,Dhaka,France,
36,"Water & Life
Bangladesh","Flat-5A, 7/8 Sir Syed Road, Asad
Gate, Mohammedpur, Dhaka.
Phone: 01730-641333",2802,24-Jul-13,24-Jul-18,24-Jul-28,Dhaka,France,
37,ACTED,"House-394(4th Floor), Lane-6,
Baridhara, DOHS, Dhaka
Phone: 01818370307",3300,29-Jun-22,,28-Jun-32,Dhaka,France,
38,"Andheri Hilfe
Bangladesh","House-380, Road-28, New DOHS,
Mohakhali, Dhaka.
Phone: 01754-445505",2635,06-Apr-11,06-Apr-21,06-Apr-31,Dhaka,Germany,
39,CAP Anamur,"House-70-71 (3rd Floor), Road-3,
Janata Housing Society, Ring
Road, Adabar, Mohammadpur,
Dhaka-1207",2307,20-Feb-08,20-Feb-18,20-Feb-28,Dhaka,Germany,
40,"Friedrich Ebert Stiftung
(FES)","House-10, Apartment-302, Level-
02, Road-96, Gulshan-2, Dhaka-
1212
Cell Phone: 01714-092811, 01412-
863209",2773,18-Mar-13,18-Mar-18,18-Mar-28,Dhaka,Germany,
41,"Friedrich Naumann
Foundation","House-21, Road-11, Sector-06,
Uttara, Dhaka.
Phone: 8913953",2675,14-Feb-12,14-Feb-17,14-Feb-27,Dhaka,Germany,
42,"Helvetas
Intercooperation
German","House-13/A, NE)K), Road-83,
Gulshan-2, Dhaka.
Phone: 028815688",3099,01-Nov-17,,01-Nov-27,Dhaka,Germany,
43,"Konrad Adenuer
Stiftung","Jarman House, Road-90, 10/C,
Gulshan-2, Dhaka.
Phone: 9988817",2813,04-Sep-13,,04-Sep-18,Dhaka,Germany,
44,"NETZ partnership for
Development and
Justice","House-3/1, Block-D, (4th & 6th
Floor), Lalmatia, Dhaka-1207
Phone: 9667018, Fax: 8626764",1865,07-Aug-03,07-Aug-18,07-Aug-28,Dhaka,Germany,
,,,,,,,,,
45,"Welt hungerhilfe
Bangladesh","13A/4A Babar Road (1st Floor),
Mohammadpur, Dhaka
Phone:",3280,15-Nov-21,,15-Nov-31,Dhaka,Germany,
46,Included,"Appartment A/1, 47 West
Agargaon, Dhaka.
Phone: 9144752",2818,26-Sep-13,,26-Sep-18,Dhaka,Hangkong,
47,"Solidarided Network
Asia","Appartment-A/1 (1st Fl.), Plot-32
(New), 631 (Old), Dhanmondi,
Dhaka.
Phone: 01712-187988",2827,30-Oct-13,30-Oct-18,30-Oct-28,Dhaka,Hangkong,
48,Missionaries of Charity,"Shishu Bhaban, 26, Islampur Road,
Dhaka
Phone : 7391116, 01732-711050",58,22-Apr-81,15-May-20,15-May-30,Dhaka,India,
49,Ramkrishna Mission,"27, R.K. Mission Road, Dhaka-1203
Phone : 955370, 9564055",16,22-Apr-81,15-May-20,15-May-30,Dhaka,India,
50,CONCERN - Worldwide,"House-15, SW(D), Road-07,
Gulshan-01, Dhaka-1212
Phone: 58811469
Fax: 8817517
www.concern.net",31,22-Apr-81,15-May-21,15-May-31,Dhaka,Ireland,
51,"Center for Orientation
and Educational (COE)","House-443/1, Christian Para, Boro
Boyra, Khulna-9000
Phone: 01710-0963787",2476,25-Aug-09,,25-Aug-14,Khulna,Italy,
52,Life & Life Onlus,"House-67, Road-11/A, Dhanmondi,
Dhaka
Phone: 01716-790378",2992,07-Jan-16,,07-Jan-21,Dhaka,Italy,
53,"Pang Ono, Pang Ono
(ONLUS)","Masuadanga, Tilok, Rupsha,
Khulna
Phone: 01715-771591",2845,18-Dec-13,18-Dec-18,18-Dec-28,Khulna,Italy,"Name
change on
21/12/2016"
54,"Progetto Uomo Rishilpi
International Onlus","Gopinathpur, Binerpota, Satkhira-
9400
Phone : 0471-63527, Fax: 0471-
63027
www.prouomorishilpi.org",215,24-Feb-87,24-Feb-22,23-Feb-32,Sathkhira,Italy,
55,"Terre des Homes
Foundation-Italy","House-3B, Road-84, Gulshan-02,
Dhaka-1212
Phone: 8818895,Fax: 9887435,
01711-548742
E-mail: dhaka@tdhitaly.org",1561,30-Aug-00,30-Aug-20,30-Aug-30,Dhaka,Italy,
56,Asia Arsenic Network,"House-46, Road-13/C, Block-E,
Banani, Dhaka-1213.
Phone: 9894493, Fax: 9894498",1609,16-Jan-01,16-Jan-21,15-Jan-31,Dhaka,Japan,
57,"Asian Industrial and
Technical Development
Association (AITDA)","House # 1/E, Road # 2, Sector # 3,
Uttara, Dhaka
Phone : 231669",752,18-Sep-93,18-Sep-03,18-Sep-08,Dhaka,Japan,
58,"Association of Medical
Doctors for Asia
(AMDA)","House-27, Road-114, Gulshan,
Dhaka
Phone : 8827575",657,20-Oct-92,20-Oct-12,20-Oct-22,Dhaka,Japan,
59,BHN Association,"Mallika, 24/5, Prominent Housing, 3
Piciculture Road, Mohammadpur,
Dhaka.
Phone: 01713-130666",2767,26-Feb-13,,26-Feb-18,Dhaka,Japan,
,,,,,,,,,
60,Hunger Free World,"2/8, Block-F, Lalmatia, Dhaka
Phone : 8121280, 01711-526979
www.hfwbd.com",1735,09-Sep-02,09-Sep-17,09-Sep-27,Dhaka,Japan,
61,"International Angel
Association","Konabari, P.O. Nilnagar, Gazipur
Phone : 9297138, 9297164",220,05-May-87,15-May-17,15-May-27,Gazipur,Japan,
62,"JACE(Japan Asia
Cultural Exchanges)","24, Motijheel R/A (10th Fl)
Dhaka.",1921,19-Apr-04,,19-Apr-09,Dhaka,Japan,
63,"Japan Association of
Drainage and
Environment (JADE)","House-66 (Flat-A4), Road-08, Block-
C, Niketon, Gulshan-1, Dhaka-1212
Phone: 9899574
www.jade-bd.org",2268,06-Sep-07,06-Sep-11,06-Sep-16,Dhaka,Japan,
64,"Japan Bangladesh
Cultural Exchange
Association","Navaron(Shatkhera Mor), P.O:
Jadobpur, Thana: Sarsa, Dist:
Jessore
Phone: 04228-759060",1415,29-Aug-99,29-Aug-19,29-Aug-29,Jessore,Japan,
65,Nakagawa Trust,"Village: South Salna, P.O:Salna
Bazar, Thana: Joydebpur, Gazipur.
Phone: 9204948",1515,15-Apr-00,20-Apr-20,20-Apr-30,Gazipur,Japan,
66,"Nigata International
Volunteer Centre
Bangladesh","3/7, Block-B(2nd floor), Lalmatia,
Dhaka
Phone : 913022",1531,07-Jun-00,07-Jun-05,07-Jun-10,Dhaka,Japan,
67,OISCA-IDB (JAPAN),"Vill: Narsingpur, PO: Zirabo, PS:
Ashulia, Savar, Dhaka
Phone: 01819-252004",80,22-Apr-81,15-May-20,15-May-30,Dhaka,Japan,
68,"Okatani Brestfeeding
Method Training
Enhancement Project","Institute of Child & Mother Health,
Matuail, Dhaka
Phone: 01819-223560",2841,28-Nov-13,,28-Nov-18,Dhaka,Japan,
69,"Peoples for Rainwater
(P.R) Bagladesh","House-05 (3rd Floor), Road-17,
Block-E, Banani, Dhaka-1213",2684,11-Mar-12,11-Mar-17,11-Mar-22,Khulna,Japan,
70,"Rissho Kosei-Kai,
Bangladesh","85/A, Chanmari Road, Hilside R/A,
Lalkhan Bazar, Khulsi, Chittagong
Phone: 8413855",2532,26-Jan-10,26-Jan-20,26-Jan-30,Dhaka,Japan,
71,"School Aid Japan-
Bangladesh","Narayankul, Pubail, Sadar, Gazipur
Mob: 01782745414",3185,20-Jan-19,,20-Jan-29,Gazipur,Japan,
72,"Shapla Neer (Help
Bangladesh Committee)","House-1/9, Flat-6A & 6B(6th Floor),
Block-A, Lalmatia, Mohammadpur,
Dhaka-1207
Phone: 8802-58157790,
01711628124",111,29-Oct-81,15-May-20,15-May-30,Dhaka,Japan,
73,"The Reiyukai
Bangladesh","59 East Basabo, Sabujbagh, Dhaka-
1219
Phone: 01819-338414, 01819-
338418",2173,07-Dec-06,07-Dec-11,07-Dec-16,Dhaka,Japan,
74,"Association for Aid and
Relief, Japan (AAR
Japan)","3, F, Building-4, Flat-43001,
Syaman Haritage Residnt, Syaman
Road, Baharchara, Cox'sBazar",3274,17-May-21,,17-May-31,Cox'sBazar,Japan,
,,,,,,,,,
75,Peace Winds Japan,"House-196/1, Boro Moghbazar,
Ramna, Dhaka
Phone: 01821-850075",3279,26-Oct-21,,26-Oct-31,Dhaka,Japan,
76,"Kuwait Society for
Relief (KSR)","House-2, Road-6/A, Sector-4,
Uttara, Dhaka
Phone : 8914926, Fax: 8917134",651,19-Sep-92,19-Sep-17,19-Sep-27,Dhaka,Kuwait,"Name
change on
02/11/2017"
77,"Society of Social and
Technological Support","House-24, Road-08, Sector-06,
Uttara, Dhaka.
Phone: 8915338
www.ssrbd.org",760,25-Oct-93,25-Oct-18,25-Oct-28,Dhaka,Kuwait,
78,"Arsenic Mitigation and
Research Foundation","Shologhar Bus Stand, Vill:
Shologhar, UZ: Sreenagor, Dist:
Munshiganj.
Phone: 01711-391521",1844,19-Jun-03,19-Jun-18,19-Jun-28,Munshiganj,Netherlands,
79,"BASUG-Diaspora &
Development
(Bangladesh Chapter)","DIPSHIKHA Bhaban, 282/5, 1st
Colony, Mazar Road, Mirpur-01,
Dhaka-1216
Phone: 01714-045547",2683,06-Mar-12,06-Mar-17,06-Mar-22,Dhaka,Netherlands,
80,F H Association,"House # 81, Road-04, Block # B,
Banani, Dhaka.
Phone : 9880826, 9894382",102,28-Aug-81,16-Jul-20,16-Jul-30,Dhaka,Netherlands,
81,"Gender and Water
Alliance (GWA)","House-16, Road-30, Gulshan-1,
Dhaka
Phone: 01743-800963",2897,19-Oct-14,,19-Oct-19,Dhaka,Netherlands,
82,Stichting Cordaid,"House-14(7th Floor), Road-32,
Gulshan-1, Dhaka-1212
Phone: 01777761207",2834,19-Nov-13,19-Nov-18,19-Nov-28,Dhaka,Netherlands,
83,"International Network of
Alternative Financial
Institutions (INAFI)","Flat-9-A, Confidence Centre, Kha/9,
Shahzadpur, Pragati, Sarani,
Gulshan, Dhaka-1212
Phone: 9890835, 8837983",1888,13-Nov-03,13-Nov-18,13-Nov-28,Dhaka,Netherlands,
84,"Medicins Sans
Frontieres - Holland","House # 102, Road-13/C, Block-E,
Banani, Dhaka.
Phone : 8861690, Fax : 8814324",664,11-Oct-92,10-Nov-17,10-Nov-27,Dhaka,Netherlands,
85,Oxfam Novib,"House-4, Road-3, 1 Banani, Dhaka.
Phone: 01713-068380",2840,28-Nov-13,28-Nov-18,28-Nov-28,Dhaka,Netherlands,
86,"Stiching Land
Ontwikkelings Project
Bangladesh (SLOPB)","House-143/Ka (3rd Floor), Road-
05, PC Culture Housing Society,
Shaymoli, Mohammadpur, Dhaka-
1207
Phone: 9110740",1143,08-Mar-97,08-Mar-17,08-Mar-27,Dhaka,Netherlands,
87,"Stichting Max
Foundation","JKH Windsel, Level-4, Ka-90,
Pragati Sarani, Dhaka
Phone: 31-624505000",2855,06-May-14,06-May-19,06-May-29,Dhaka,Netherlands,
88,"Terre-Des-Homes
(Netherlands)","House-18B (New), 670/A (Old),
Road-11 (New), 32 (Old),
dhanmondi R/A, Dhaka
Phone: 8130999",40,22-Apr-81,15-May-20,15-May-30,Dhaka,Netherlands,
89,International Needs,"House-28, Road-07, Block-E,
Banasri, Rampura, Dhaka.
Phone: 7286553, 7286018",88,22-Apr-81,15-May-20,15-May-30,Dhaka,New Zealand,
,,,,,,,,,
90,Tranzsend-Bangladesh,"Mission House, Mission Road, Post
Box-3, Chandpur.
Phone: 0841-66556",74,22-Apr-81,15-May-20,15-May-30,Chandpur,New Zealand,
91,Normisjon Bangladesh,"House-99, Flat-A-2, Road-4/25,
Block-A, Banani, Dhaka
Phone: 8850334, Fax: 8850335",108,15-Oct-81,15-May-20,15-May-30,Dhaka,Norway,
92,"Norwegian Refugee
Council","281D, Road-19-C, Mohakhali DOHS,
Dhaka.",3173,19-Nov-18,,19-Nov-28,Dhaka,Norway,
93,Stromme Foundation,"B/137(1st Floor), Road-22, New
DoHS, Mohakhali, Dhaka.
Phone: 9858683
www. Stromme.org",508,31-Jul-91,31-Jul-21,31-Jul-31,Dhaka,Norway,
94,Qatar Charity,"House-51, Road-13, Block-E,
Banani, Dhaka-1213.
Phone : 9883439, Fax: 9872941",929,19-Apr-95,19-Apr-20,19-Apr-30,Dhaka,Qatar,
95,"Al Haramain Islamic
Foundation","House-1, Road-1, Sector-6, Uttara,
Dhaka
Phone : 8912120",648,17-Sep-92,17-Sep-02,17-Sep-07,Dhaka,Saudi Arabia,"Office &
Operation
closed in
Bangladesh
from 2004."
96,Al-Forqan Foundation,"137 Auspara, Tongi, Gazipur.
Phone: 9802014, 9802015
Fax: 9803005",1791,22-Jan-03,22-Jan-18,22-Jan-28,Dhaka,Saudi Arabia,
97,"International
Organisation for Relief,
Welfare & Development-
IORWD","House-13/1, Road-12, Baridhara,
Gulshan-02, Dhaka-1212
Tel: (+8802-35435), (+8802-35436)
bangladesh@iirosa.org",563,26-Nov-91,26-Nov-21,25-Nov-31,Dhaka,Saudi Arabia,"Name
Change on
27/03/2019"
98,"Rabeta Al Alam Al
Islam","H-5/5, Gaznabi Road, Block-B,
Mohammadpur, Dhaka-1207
Phone : 9121027",110,19-Oct-81,15-May-07,15-May-12,Dhaka,Saudi Arabia,
99,"World Assembly of
Muslim Youths","House-17, Road-5, Sector-7, Uttara
Model Town, Dhaka
Phone : 8919123",1470,20-Jan-00,20-Jan-05,20-Jan-10,Dhaka,Saudi Arabia,
100,"Alacrity for Poverty
Alleviation in
Bangladesh (APAB)","22, Amirabad, Mahedibag R/A,
Chittagong-4000
Phone: 031-613028, Fax: 031-
610785",641,30-Jul-92,30-Jul-17,30-Jul-27,Chittagong,South Korea,
101,Global Vision,"House-23(6th Floor), Road-16,
Sector-12, Uttara, Dhaka-1230
Phone: 01726-593857, 01761-
926518",2870,10-Jul-14,,10-Jul-19,Dhaka,South Korea,
102,"Good Neighbours Inc. in
Bangladesh","Plot # 05, Road # 02, Block-A,
Barua, Khilkhet, Dhaka-1229,
IP Phone: +88-09613858585
Fax: +88-02-8412029
www.gnbangla.org",1056,18-Aug-96,18-Aug-21,17-Aug-31,Dhaka,South Korea,
103,"Good Peoples
International
Bangladesh","House-13, Avenue-1, Block-F,
Section-2, Mirpur, Dhaka-1216
Phone: 01684683655
email: gpibd2012@gmail.com",2706,30-May-12,30-May-17,30-May-27,Dhaka,South Korea,
104,"Heart to Heart
Foundation","Vill: Karamtola, PO: Pubail,
Upazila: Gazipur, Dist: Gazipur
Phone: 01715-047732",2919,23-Feb-15,23-Feb-20,23-Feb-30,Gazipur,South Korea,
,,,,,,,,,
105,Hope Bangladesh,"House-236/A, Block-c, Bashundara
R/A, Dhaka.
Phone: 01713-020668",2921,02-Apr-15,02-Apr-20,02-Apr-30,Dhaka,South Korea,
106,"Korean Civil Cultural
Center","House-01, Road-05, Baridhara,
Dhaka
Phone: 01740992588",2098,31-May-06,31-May-21,30-May-31,Dhaka,South Korea,
107,"Korean Development
Association in
Bangladesh (KDAB)","218/3/A West Kafrul (6th Fl.),
Taltola, Begum Rokeya Sarani,
Dhaka-1207.
Phone: 9103691-2, Fax: 9103693
www.kdaborg.net",334,03-Jan-90,03-Jan-20,03-Jan-30,Dhaka,South Korea,
108,"Presbyterian
Fellowship in
Bangladesh","Vill: Karamtalo, Post : Pobail, Dist:
Gazipur.
Phone: 02-9814091",121,14-Jan-82,15-May-20,15-May-30,Dhaka,South Korea,
109,Rodem Foundation,"House-266, Lane-3, Baridhara New
DOHS, Dhaka.
Phone: 01715-016732",2822,09-Oct-13,09-Oct-18,09-Oct-28,Dhaka,South Korea,
110,"Samsal Bangladesh
(Skip A Meal Save A
Life)","68/C, (3rd Floor), Zigatola, Dhaka-
1209.
Phone: 01720-581722
www.samsal.org",2455,09-Jun-09,09-Jun-19,09-Jun-29,Dhaka,South Korea,
111,"SMC (Sacheon Multi
Cultural Intigration
Support Center","House-24 (Gr. Fl.), Road-4, Sector-
12, Uttara, Dhaka.
Phone: 01779-479566",2826,30-Oct-13,30-Oct-18,30-Oct-28,Dhaka,South Korea,
112,Well International,"House-06, Ward-03, Road-03,
Solmaid, Ferajitola, Badda, Dhaka.
Phone: 01716-817476",2243,13-Jun-07,13-Jun-17,13-Jun-27,Dhaka,South Korea,
113,World Life,"Holding-11/15, Block-K, Pastrim
Bilashpur, Joydebpur, Gazipur-
1700
Phone: 01680-221554",2109,11-Jul-06,11-Jul-21,11-Jul-31,Dhaka,South Korea,
114,"Global Relief Agape in
Solidarity Bangladesh","Vill: Jamatali, Pallongkali, Union:
Ukhiya, CoxsBazar",3260,11-Jan-21,,11-Jan-31,CoxsBazar,South Korea,
115,"AIDA, Ayuda,
Intercambio Y
Desarrollo","Flat-5A, House-487, Road-08,
DOHS Baridhara, Dhaka
Phone: 01745-777219
Www.ong-aida.org",2441,26-May-09,26-May-19,26-May-29,Dhaka,Spain,
116,"Education and
Development
Foundation-Educo","Road-34, House-504 (2nd, 3rd, 4th
Floors), Mohakhali DOHS, Dhaka-
1206,
Phone:8813246, 8816367
www.intervida.org",1452,05-Dec-99,05-Dec-19,05-Dec-29,Dhaka,Spain,
117,"Fundacion Ayuda
Humanatarian A
Bangladesh an Espana","Vill.: Choto Gara, Post+Thana:
Netrakona, Dist: Netrakona.
Phone: 01718-023499",2417,02-Mar-09,,02-Mar-14,Netrakona,Spain,
118,"Fundacion ETEA Para
EL Desarrollo Y LA
Cooperacion","House-Ta-118/3, Middle Badda,
Pragoti Sharani, Gulshan, Dhaka-
1212
Phone: 02-883706, 01713-161201",2728,12-Sep-12,,12-Sep-17,Dhaka,Spain,
119,"Medicins Sans Frontieres
(MSF) Spain","Flat-2, Floor-2, Road-25, House-97/A,
Block-A, Banani, Dhaka-1213.",3170,14-Nov-18,,14-Nov-28,Dhaka,Spain,
,,,,,,,,,
120,Islamic Relief Agency,"House # 12, Rd-15, Sector-4,
Uttara Model Town, Dhaka
Phone : 8916096",528,31-Aug-91,31-Aug-06,31-Aug-11,Dhaka,Sudan,
121,"DIAKONIA / Swedish
Free Church Aid","House-5/8, First floor, Block-B,
Lalmatia, Dhaka
Phone : 9121256, Fax: 9121257
www.diakonia.selenglish",1,22-Apr-81,15-May-20,15-May-30,Dhaka,Sweden,
122,Interlife Bangladesh,"House-5/A, Rd-25/A, Banani,
Dhaka
Phone : 9881594",13,22-Apr-81,15-May-05,15-May-10,Dhaka,Sweden,
123,M.A.F. Bangladesh,"House-299, Lane-4, DOHS,
Baridhara, Dhaka
Phone : 8410164, Fax: 8410165
www.mafbangladesh.org",933,04-May-95,04-May-20,04-May-30,Dhaka,Sweden,
124,"Save the Children-
Sweden","House-9, Road-16, Circle-1,
Gulshan-1, Dhaka
Phone : 8828118, Fax: 8810448
www.savethechildren.dk.rb.se",27,22-Apr-81,15-May-10,15-May-15,Dhaka,Sweden,
125,Caritas Switzerland,"House-9/A (5th Floor), Road-15
(New), Dhanmondi, Dhaka.
Phone: 9114133",2848,05-Feb-14,05-Feb-19,05-Feb-29,Dhaka,Switzerland,
126,"Enfants Du Monde
(International Union for
Child Welfare)","House 9/A(3rd Floor), Rd-15(New),
Dhanmondi R/A., Dhaka
Phone : 9114133, Fax: 8112838",76,22-Apr-81,15-May-20,15-May-30,Dhaka,Switzerland,
127,HEKS,"House-9A (3rd Floor), East Side,
Road-15(New), Old-28,
Dhanmondi, Dhaka.
Phone: 9116943, Fax: 8112838
www.heks.ch",2255,24-Jul-07,24-Jul-17,24-Jul-27,Dhaka,Switzerland,
128,"Helvetas Swiss
Intercooperation","House-30 CWN (A), Road 42/43,
Gulshan-2, Dhaka,
infobd@helvetas.org,
helvetas.org/bangladesh",1581,06-Nov-00,06-Nov-20,06-Nov-30,Dhaka,Switzerland,
129,"Swisscontact-
Bangladesh","House-19, Road-11, Baridhara,
Dhaka-1212
Phone: 88-02-9882663, 88-02-
9883496
www.swisscontact.org.bd",2392,16-Nov-08,16-Nov-18,16-Nov-28,Dhaka,Switzerland,
130,"Syngenta Foundation
for Sustainable
Agriculture Bangladesh
(SFSA Bangladesh)","House-2/1-A, Block-G, Lalmatia,
Dhaka
Tel: 8100437",3119,18-Dec-17,,18-Dec-27,Dhaka,Switzerland,
131,"Terre-Des-Homes
Foundation (Swiss)","House-141, Road-04, Block-A, Apt.
A5, Banani, Dhaka.
Phone: 8835114, Fax: 8835115
www.tdh.ch",32,22-Apr-81,15-May-20,15-May-30,Dhaka,Switzerland,
132,"The Global Alliance for
Improved Nutirtion","Appt-A/3 (2nd Fl.), House-
New(B)/1 2/1, Road-71, North
Gulshan-2, Dhaka.",2785,12-May-13,12-May-18,12-May-28,Dhaka,Switzerland,
133,Solidar Suisse,"House-165, Road-01 (4th Floor),
Baridhara, DOHS, Dhaka
Phone: 01762253127
email:
info.solidarsuisse.bco@gmail.com",3323,20-09-22,,19-09-32,Dhaka,Switzerland,
134,"Asian Disaster
Preparedness Centre","House-477, Roomy House (3rd
Floor), Road-32, New DOHS,
Mohakhali, Dhaka
Phone: 8871951
www.adpc.net",2641,10-May-11,10-May-16,10-May-21,Dhaka,Thailand,
,,,,,,,,,
135,"Yardimeli International
Humanitarian Relief
Organization","House-06, Road-10, Sector-13,
Uttara, Dhaka
Phone: 01684-343434",2965,14-Sep-15,,14-Sep-20,Dhaka,Turkey,
136,"Sharjah Charity
International","House-02, Road-06/A, Sector-04,
Uttara, Dhaka-1230
Phone: 89955395",825,20-Apr-94,20-Apr-19,20-Apr-29,Dhaka,UAE,
137,"Welfare Association
Fujairah","House-15, Road-11, Sector-04,
Uttara Model Town, Dhaka.-1230
Phone: 8913677, Fax: 8913677",680,26-Jan-93,26-Jan-13,26-Jan-18,Dhaka,UAE,
138,Action Aid- Bangladesh,"House- 8, Road-136, Gulshan-1,
Dhaka
Phone :9888006, 55044851-7
www.actionaid.org",210,27-Apr-86,27-Apr-21,27-Apr-31,Dhaka,UK,
139,"Action on Disability &
Development","House-56, Road-11, Block-C,
Banani, Dhaka.
Phone : 8832037, Fax: 8831228
www.add.org.bd,
mosharraf.doc@gmail.com",804,13-Feb-94,13-Feb-19,13-Feb-29,Dhaka,UK,
140,"Al Basar International
Foundation","1/9, Block-E, Satmasjid Road,
Lalmatia, Dhaka,
Phone :9135451-2, Fax: 8114142",654,22-Sep-92,22-Sep-17,22-Sep-27,Dhaka,UK,
141,"Al-Khair Foundation
Bangladesh Field Office","House-1/A, Block-SW(F), Road-4,
Gulshan-1, Dhaka-1212, Tel: 02-
48810334, Mob: 01711965422",3161,02-Aug-18,,02-Aug-28,Dhaka,UK,
142,Apasenth International,"House-82, Road-16, Sector-11,
Uttara, Dhaka
Phone: 0171221857",3096,30-Oct-17,,30-Oct-27,Dhaka,UK,
143,Article 19,"Rabbi House, Apartment B3,
CEN(B)-11, Road-99, Gulshan-2,
Dhaka-1212
Phone: 01713-039669",2705,29-May-12,29-May-17,29-May-27,Dhaka,UK,
144,"Bangladesh
Development Initiative","125, 9/A (Old), Shankar,
Dhanmondi, Dhaka-1209.",2433,30-Apr-09,,30-Apr-14,Dhaka,UK,
145,"Bangladeshi Mental
Health Association","House-13, Road-1, Block-A, Sector-
11, Mirpur, Dhaka",1782,31-Dec-02,31-Dec-07,31-Dec-12,Dhaka,UK,
146,"BBC World Service
Trust","Basati Aristocrats (5th Floor), Plot-
06, Block-SWH, Gulshan Avenue,
Gulshan, Dhaka-1212",2404,27-Jan-09,,27-Jan-14,Dhaka,UK,
147,"Ceshires Foundation
Homes-Bangladesh","Sonargaon Janapath, House-32,
Sector-9, Uttara Model Town,
Dhaka-1230
Phone: 8911276",138,01-Apr-83,14-May-15,14-May-20,Dhaka,UK,
148,Christian Aid,"Apt F-3, House-1/A, Road-35,
Gulshan-2, Dhaka-1212
Phone: 9859736-7
www.christianaid.org",1579,25-Oct-00,25-Oct-20,25-Oct-30,Dhaka,UK,
149,Global One,"House-3/1, Block-F, Flat-5C,
Lalmatia, Dhaka
Phone: 01701663690",2866,15-Jun-14,15-Jun-19,15-Jun-29,Dhaka,UK,
,,,,,,,,,
150,"Grameen Welfare Smile
Charity","7144 Eastern Plaza, Hatirpool,
Dhaka.
Phone: 01517-031737",2619,02-Jan-11,,02-Jan-16,Dhaka,UK,
151,Green Life-UK,"S-15, Nurjahan Road (3rd Floor),
Mohammadpur, Dhaka-1207
Phone: 01711-248950",2285,08-Nov-07,08-Nov-12,08-Nov-17,Dhaka,UK,
152,"Help the Needy
Charitable Trust","48/3 Monico Mina Tower,
Apartment: E-7, West Agargaon,
Sher-e-Bangla Nagar,Dhaka-1207
Phone: +8802 9101613
Mobile: 01838-214621",2833,18-Nov-13,18-Nov-18,18-Nov-28,Dhaka,UK,
153,"HelpAge International
(HAI)-Bangladesh","House-35/D, (1st Floor), Block-G,
Road-07, Banani, Dhaka-1213
Phone: 9870103
www.helpage.org",2493,13-Oct-09,13-Oct-19,13-Oct-29,Dhaka,UK,
154,"Humanity First
Bangladesh","Road-06, House-382, DOHS,
Baridhara, Dhaka.",2346,14-May-08,14-May-13,14-May-23,Dhaka,UK,
155,"International Relief &
Development Inco.","BTMC Bhaban (8th Floor), 7-9
Kawran Bazar, Dhaka.
Phone: 01711-540895",2636,12-Apr-11,,12-Apr-16,Dhaka,UK,
156,Islamic Aid,"215 Ahmed Nagar, Mirpur-1, Dhaka-
1216
Phone: 0852843",2177,24-Dec-06,24-Dec-11,24-Dec-16,Dhaka,UK,
157,Islamic Relief - U.K.,"House-10, Road-10, Block-K,
Baridhara, Dhaka-1212.
Phone: +88 02 8819392, +88 02
9893458
Fax: 88 02 8825119",553,10-Nov-91,10-Nov-21,10-Nov-31,Dhaka,UK,
158,Justice and Care,"House-07, Road-33, Gulshan-2,
Dhaka.",2998,27-Jan-16,27-Jan-21,27-Jan-31,Dhaka,UK,
159,"Learning for Life
Bangladesh","1st Floor, C-18, Block-E, Kakir
Hossain Road, Dhaka.
Phone: 01711-890237",2907,29-Dec-14,,29-Dec-19,Dhaka,UK,
160,Lepra Bangladesh,"Navana Le Caprice, Flat-A1, House-
80, Road-07, Block-H, Banani,
Dhaka.
Phone: +88 02 8828791,
Fax:: +88 02 9899531",1535,18-Jun-00,18-Jun-20,18-Jun-30,Dhaka,UK,
161,"Leprosy Mission, The","H-17A, Rd-3, Banani(Old), DOHS,
Dhaka-1206
Phone : 8826395, Fax: 8821074
www.leporsymission.org",471,21-May-91,21-May-21,21-May-31,Dhaka,UK,
162,Mozidia Trust,"130 D.I.T Extension Road, Rahmat
Bhaban (2nd Floor), Fakirapool,
Motijheel, Dhaka-1000
Phone: 9336869",2238,27-May-07,27-May-17,27-May-27,Dhaka,UK,
163,"Muslim Aid-UK,
Bangladesh Field Office","House-13 (4th & 5th Floor), Road-
27,
Block-J, Banani, Dhaka-1213.
Phone: 8836221, 8836421, Fax:
8821368",552,10-Nov-91,10-Nov-21,09-Nov-31,Dhaka,UK,
164,"Muslim Hands
International","House-6/11 (5th Floor), Block-E,
Lalmatia, Dhaka
Phone: 9113029",966,30-Aug-95,30-Aug-20,30-Aug-30,Dhaka,UK,
,,,,,,,,,
165,"Newhem Bengali
Community Trust","Bari Mansion, East Subid Bazar,
Sylhet
Phone : 715329",1193,06-Oct-97,06-Oct-07,06-Oct-12,Sylhet,UK,
166,OXFAM -Bangladesh,"House-23, Road-28, Block-K,
Banani, Dhaka.
Phone : 8813607-9, Fax: 8817402
www.oxfam.org/bangladesh",79,22-Apr-81,15-May-20,15-May-30,Dhaka,UK,
167,Painted Children,"Arafat Niloy, House-16, Road-10,
Apt: NE-4, Gulshan-1, Dhaka.
Phone: 01715-600219",2548,04-Mar-10,,04-Mar-15,Dhaka,UK,
168,Practical Action,"House-28/A, Road-05, Dhanmondi
R/A, Dhaka-1205
Phone: 9672683, Fax: 9674340
www.practicalaction.org",390,21-Oct-90,21-Oct-20,21-Oct-30,Dhaka,UK,
169,"Royal Commonwealth
Society for the Blind
(RCSB)","House-1/B (5th floor), Road-08,
Block-I, Banani, Dhaka-1213
Phone: 8826821, Fax: 8826580
www.sightsavers.org",7,22-Apr-81,15-May-20,15-May-30,Dhaka,UK,
170,"Save The Children Fund
(UK)","Plot-14, Road # 16A, Gulshan-1,
Dhaka-1212
Phone : 8812523",22,22-Apr-81,15-May-10,15-May-15,Dhaka,UK,
171,"Save the Children
International","House-CWN(A) 35, Road-43,
Gulshan-2, Dhaka-1212
Phone: 9861690, Fax: 9886372",2630,20-Mar-11,20-Mar-21,20-Mar-31,Dhaka,UK,
172,Sefar World,"House-08, Road-13, Dhanmondi,
Dhaka
Phone: 8159970",2774,19-Mar-13,19-Mar-18,19-Mar-28,Dhaka,UK,
173,"Sir William Beveridge
Foundation","Hasan Holdings (6th Floor), 52/1,
New Eskaton Road, Ramna, Dhaka-
1000
Phone: 9353633, Fax: 9361500
www.beveridgefoundation.org",2262,15-Aug-07,15-Aug-17,15-Aug-27,Dhaka,UK,
174,Tear Fund,"House-196, Lane-DOHS,
Baridhara, Dhaka
Phone: 01711-379056",3000,31-Jan-16,31-Jan-21,31-Jan-31,Dhaka,UK,
175,"The Humanitarian &
Saving Lives Trust","45 Topkhana Road, Tropikhana
Tower (11th Floor), Room-11/D,
Dhaka
Phone: 079844309929",2914,25-Jan-15,,25-Jan-20,Dhaka,UK,
176,The Salvation Army,"House-365/2 DOHS Baridhara,
Road-06, West, Dhaka-1206
Phone: 8411755, Fax: 8411757",33,22-Apr-81,15-May-20,15-May-30,Dhaka,UK,
177,"The Sreepur Village
Bangladesh","House-20, Road-17, Nikonja-2,
Dhaka
Phone: 8953308
www.thesreepurvillage.org",1144,16-Mar-97,16-Mar-17,16-Mar-27,Dhaka,UK,
178,"United Kingdom
Bangladesh Education
Trust (UKBET)","House-144 (3rd Floor), Road-04,
Block-E, Shahjalal Uposhahar,
Sylhet-3100
Phone: 0821-723089
www.ukbetbd.org",1889,20-Nov-03,20-Nov-18,20-Nov-28,Sylhet,UK,"Cancelled on
09/08/2010,
Revived on
09/06/2011"
179,United Purpose,"House-08, Road-28, Block-K,
Banani, Dhaka.
Phone: 8855296, 9883267
www.concern-universal.org",702,04-May-93,04-May-18,04-May-28,Dhaka,UK,
,,,,,,,,,
180,"Voluntary Service
Overseas (VSO)","House-382, Road-28, New DOHS,
Mohakhali, Dhaka-1206
Phone: 9851462, Fax: 9893243
www.vsointernational.org",21,22-Apr-81,15-May-20,15-May-30,Dhaka,UK,
181,"Water & Sanitation for
the Urban Poor","House-103, Lane-4, Jannata
Housing, Mirpur-2, Dhaka.
Phone: 8143742",2694,17-May-12,17-May-17,17-May-27,Dhaka,UK,
182,Water Aid,"House-97/B, Road-25, Block-A,
Banani, Dhaka-1213
Phone: 8815757, Fax: 9882577
www.wateraid.org/bangladesh",1022,31-Mar-96,31-Mar-21,31-Mar-31,Dhaka,UK,
183,Insaan Aid,"Islamabad, Shaparan,
Khadimnagar, Sylhet.
Phone: 01744220637",3335,28-11-22,,27-11-32,Sylhet,UK,
184,"Academy for
Educational
Development (AED)","South Breeze, House-08, Gulshan
Avenue, Gulshan-01, Dhaka.
Phone: 01714-174370",2514,08-Nov-09,,08-Nov-14,Dhaka,USA,
185,ACDI/VOCA,"House-30, Road-19/A, Banani,
Dhaka-1213
Phone: 8836801",2580,03-Jun-10,03-Jun-20,02-Jun-30,Dhaka,USA,
186,Action for Enterprise,"House-03, Apt. 3A4, Nam Villa,
Road-06, Gulshan-01, Dhaka-1212
Phone: 8817277
E-mail:
info@actionforenterprise.org",2427,28-Apr-09,28-Apr-19,27-Apr-29,Dhaka,USA,
187,"Adventist Development
& Relief Agency
International (ADRA)","149, Shah Ali Bagh, Mirpur-1,
Dhaka
Phone : 8014096
www.adrabd.org",73,22-Apr-81,15-May-20,15-May-30,Dhaka,USA,
188,"American Center for
International Labour
Solidarity","House-09, Road-127, Gulshan-01,
Dhaka-1212
Phone: 8828403, Fax: 8820208
www.solidaritycenter.org",18,22-Apr-81,15-May-20,15-May-30,Dhaka,USA,
189,"Amrock Academy
Society","19, Akbarbad Estate, Shirishnagar,
Khulna-9100
Phone: 041-721589
www.amaroksociety.org",2657,22-Sep-11,22-Sep-21,22-Sep-31,Khulna,USA,
190,"ASHOKA : Innovators
for the Public","House-19/1, (2nd floor), R-15(New),
28(Old), Dhanmondi R/A, Dhaka.
Phone : 8115868",403,13-Nov-90,10-Nov-01,10-Nov-06,Dhaka,USA,
191,"Assemblies of God
Mission","401/1, New Eskaton Road, Dhaka
Phone :8316452, Fax: 8313978",107,03-Sep-81,16-May-16,16-May-26,Dhaka,USA,
192,Association of Baptist,"7, Rashik Hazari Lane, Chawk
Bazar, Chittagong
Phone : 624174, 610548",42,22-Apr-81,15-May-20,15-May-30,Chittagong,USA,
193,"Bangladesh Every
Home Contact","38, Dilu Road, New Eskatan, Dhaka
Phone : 9332714",87,22-Apr-81,15-May-20,15-May-30,Dhaka,USA,
194,"Bangladesh Mission
Foreign Mission Board
Southern Baptist
Convension","2, Mirpur Road, Kalyanpur, Dhaka
Phone : 8054224, Fax: 8013580",44,27-Aug-81,15-May-15,15-May-25,Dhaka,USA,
,,,,,,,,,
195,"Baptist Mid Mission
Bangladesh","Baptish Mid Missions Hospital,
Borohorispur, Natore-6400
Phone : 0771-62386, 01711-
070468",115,30-Dec-81,15-May-20,15-May-30,Natore,USA,
196,"Calvary Apostolic
Church","PO: KUET, Daulatupr, Khulna-9203
Phone: 041-2870024",106,03-Sep-81,15-May-10,15-May-15,Khulna,USA,
197,CARE-Bangladesh,"Retired Army Officers Welfare
Association(RAOWA) Convention
Center, VIP Road Mohakhali,
Dhaka-1206,
email:info@bd.care.org",4,22-Apr-81,15-May-20,15-May-30,Dhaka,USA,
198,"Christan Service
International","151/5, Manipuripara (1st floor),
Tejgaon, Dhaka.
Phone : 9133756",770,11-Nov-93,11-Nov-18,11-Nov-28,Dhaka,USA,
199,"Churches of God
Mission","Mission House, Gohail Road,
Sutrapur, Bogra-5800
Phone : 051-66521",6,22-Apr-81,15-May-20,15-May-30,Bogra,USA,
200,"Community Recovery
International
Bangladesh","House-104, Road-19, Sector-11,
Uttara, Dhaka
Phone: 01772-125589",2885,21-Aug-14,21-Aug-19,21-Aug-29,Dhaka,USA,
201,"Compassion
International
Bangladesh","House-53, Road-10, Block-E,
Banani, Dhaka.
Phone: 9860077, Fax: 9888597
www.compassion.com",2378,21-Jul-08,21-Jul-18,21-Jul-28,Dhaka,USA,
202,"Counterpart
International Inc.","House-14(3rd Fl.), Road-32,
Gulshan-1, Dhaka.
Phone: 9851021, Fax: 9851042",2811,25-Aug-13,25-Aug-18,25-Aug-28,Dhaka,USA,
203,Engender Health Int.,"Concord Royal Court, House-40,
Road-27 (16 New), Dhanmondi,
Dhaka-1209, Phone:02-58156202",3179,11-Dec-18,,11-Dec-28,Dhaka,USA,
204,"Family Health
International","House-05, Road-35, Gulshan-2,
Dhaka-1212
Phone: 9887561, Fax: 9887563
www.fhi.org",2258,08-Aug-07,08-Aug-17,08-Aug-27,Dhaka,USA,
205,"Friends of Bangladesh-
USA","Dattapara, Tongi, Gazipur
Phone : 9801409",174,19-Nov-84,21-May-20,21-May-30,Gazipur,USA,
206,"Good People World
Family in Bangladesh
(GPW-BD)","House-288, Lane-4, East D.O.H.S.
Baridhara, Dhaka-1206",2076,01-Mar-06,,01-Mar-11,Dhaka,USA,
207,"Habitate for Humanity
International","Road-23/B, House-07, Gulshan-01,
Dhaka-1212
Phone: 8832945
www.habitatbangladesh.org",1357,21-Mar-99,21-Mar-19,21-Mar-29,Dhaka,USA,
208,"Health And Education
For All (HAEFA)","House-31, Road-16, Sector-13,
Uttara. Dhaka-1230, Mob: 01720-
025643
email:
healthonwheels.usa@gmail.com,",3133,11-Jan-18,,11-Jan-28,Dhaka,USA,
209,"Hellen Keller
International","House-10F, Road-82, Gulshan-2,
Dhaka.
Phone: 8823055, Fax: 9855867",20,22-Apr-81,15-May-20,15-May-30,Dhaka,USA,
,,,,,,,,,
210,Hidaya Foundation,"Dayem Mansion, 106, Pilkhana
Road, Azimpur, Dhaka.
Phone: 8614058, 01552-636687",2239,28-May-07,,28-May-12,Dhaka,USA,
211,"Hiefur Project
International
Bangladesh","6/6, Flat-A2(2nd Floor), Road-05,
Block-A, Lalmatia Housing Estate,
Dhaka-1207
Phone: 01755619166, 9116742",2676,20-Feb-12,20-Feb-22,19-Feb-32,Dhaka,USA,
212,"Hope Foundation for
Women & Children of
Banglades Inc.","Link Rad, Chainda, South
Mitachari, Ramu, Cox'sBazar",2386,07-Sep-08,07-Sep-18,07-Sep-28,Cox'sBazar,USA,
213,"Hope Worldwide-
Bangladesh","47/9 West Rajabazar, Indira Road,
Tejgaon, Dhaka-1215.
Phone: 01730-431932",2393,16-Nov-08,16-Nov-18,16-Nov-28,Dhaka,USA,
214,"Hunger Project, The","House-3/7, Asad Avenue,
Mohammadpur, Dhaka-1207
Phone: 8112622, 8127975
Fax: 8116812",557,12-Nov-91,12-Nov-16,12-Nov-26,Dhaka,USA,
215,Ipas Bangladesh,"House-419/A(Ground & 1st Floor),
Road-30, New DOHS Mohakhali,
Dhaka-1206
Phone: +880-2-222286583",2744,13-Nov-12,13-Nov-17,13-Nov-27,Dhaka,USA,
216,"International
Development
Enterprises (IDE)","House-21, Road-123, Gulshan-1,
Dhaka-1212
Phone: 9886515, Fax: 9556548
Phone : 8619258",173,27-Sep-84,15-May-20,15-May-30,Dhaka,USA,
217,"International Education
Foundation","1986/A, Zakir Hossain Road Lane,
East Nasirabad, Chittagong
Phone : 652034",1519,20-Apr-00,20-Apr-20,19-Apr-30,Chittagong,USA,
218,"International Relief and
Development","BTMC Bhaban (8th Floor), 7-9,
Karwan Bazar, Dhaka-1215",2561,22-Apr-10,,22-Apr-15,Dhaka,USA,
219,"International Relief
Friendship Foundation","House-39, Apt: A1, Road-28 (Old),
15 (New), Dhanmondi, Dhaka-1209
Phone : 9130294, 9117514",514,07-Aug-91,07-Aug-11,07-Aug-16,Dhaka,USA,
220,"International Rescue
Committee (IRC)","Apt.-A4, Navana Miru, House-4, Road-
96, Gulshan-2, Dhaka",3141,05-Mar-18,,05-Mar-28,Dhaka,USA,
221,Jhpiego,"UTC Building, Level-19,
Panthapath, Kawran Bazar, Dhaka.
Phone: 01792818076",3039,03-Oct-16,03-Oct-21,03-Oct-31,Dhaka,USA,
222,"Johns Hopkins
University","Abonti, House-37 (Apt-5B & 5D),
Road-27, Banani, Dhaka-1213
Phone: 02-55035439",524,26-Aug-91,26-Aug-21,25-Aug-31,Dhaka,USA,
223,Land O Lakes,"House-461 (1st Floor), Lane-08,
Baridhara DOHS, Dhaka-1206
Phone: 8410818",1713,03-Apr-02,03-Apr-17,03-Apr-27,Dhaka,USA,
224,"Luthern Health Care
Bangladesh","House # 349, Dilu Road,
Moghbazar, Phone :9357626
www.ihcbdhaka@gmail.com",1197,14-Oct-97,14-Oct-17,14-Oct-27,Dhaka,USA,
,,,,,,,,,
225,"Management Science
for Health","House-28, road-63, Gulshan-2,
Dhaka.
Phone: 28822687",2624,23-Feb-11,23-Feb-21,23-Feb-31,Dhaka,USA,
226,Med Global Inc.,"Hotel Esplanade, Room-308, Block-
A, Plot-17, Hotel-Motel Zone,
Kalatoli, Cox'sbazar. Mob:
01879487372",3246,05-Oct-20,,05-Oct-30,Cox'sBazar,USA,
227,"Mennonite Central
Committee (MCC)","4/10, Iqbal Road, Mohammadpur,
Dhaka-1207
Phone: 9117065, 9114366
www.mcc.org/bangladesh.",59,22-Apr-81,15-May-20,15-May-30,Dhaka,USA,
228,Mercy Corps.,"Dhaka Crystal Palace, 3rd floor,
House-SE(D)22, Road-140,
Gulshan South Avenue, Gulshan,
Dhaka",3206,07-Jul-19,,07-Jul-29,Dhaka,USA,
229,"Pally Life Development
Society","Ga-99/5 (3rd floor), Rahima Tower,
Middle Badda, Progati Saroni, PS:
Badda, Dhaka-1212
Phone: 01711-566459",2926,10-May-15,,10-May-20,Dhaka,USA,
230,"Path Finder
International","House-15/A, Road-35, Gulshan-2,
Dhaka-1212
Phone: 9892176, Fax: 9892201
www.pathfind.org",45,22-Apr-81,15-May-20,15-May-30,Dhaka,USA,
231,"Plan International
Bangladesh","House-CWN(B), 14, Road-35,
Gulshan-2, Dhaka-1212
Phone: 8826209, fax: 9861599
www.plan-interational.org",670,14-Dec-92,14-Dec-17,14-Dec-27,Dhaka,USA,
232,"Population Council
(USA)","House-15B, Road-13, Gulshan-1,
Dhaka-1212
Phone: 8821227, Fax: 8823127
www.popcouncil.org",442,10-Feb-91,10-Feb-21,10-Feb-31,Dhaka,USA,
233,"Project Concern
International","House-411, Road-04, Sonadanga
Housing (Phase-2), Khulna-9100
Phone: 041-724387
www.pciproshar.org",2591,08-Aug-10,08-Aug-15,08-Aug-20,Khulna,USA,
234,Project Hope,"A4 La Casandra, 44 Ramkrishna
Mission Road, Dhaka.
Phone: 9569028",2800,11-Jul-13,,11-Jul-18,Dhaka,USA,
235,"Project Orbis
International Inc.","Esprit, Apartment No.-A4, Plot-24,
Road-130, Gulshan-1, Dhaka-1212
Phone: 9858033, Fax: +8802
9849702
www.orbis.org.bd",1471,20-Jan-00,20-Jan-20,20-Jan-30,Dhaka,USA,
236,Relief International,"House-451 (3rd & 4th Floor), Road-
08 (West), Baridhara DOHS, Dhaka-
1206
Phone: 8413156, Fax: 8413156
www.ri-org",2044,08-Nov-05,08-Nov-20,08-Nov-30,Dhaka,USA,
237,"Research, Training and
Management
International","Rtm Complex, 581, Shewrapara,
Begum Rokeya Sarani, Mirpur,
Dhaka-1216
Phone: 8034814,Fax: 8034638
www.rtm-uinternational.org",871,30-Nov-94,30-Nov-19,30-Nov-29,Dhaka,USA,
238,"Room to Read
Bangladesh","6/3 Lalmatia (2nd and 3rd Floor),
Block-D, Dhaha, Bangladesh.
Telephone: 9103627, Fax: 9111766
www.roomtoread.org",2376,10-Jul-08,10-Jul-18,10-Jul-28,Dhaka,USA,
239,"Salt Financial Literacy
International, Inc.","43/4, Senpara, Parbata, Mirpur-10,
Dhaka
Phone: 01720304075",3054,05-Dec-16,05-12-21,04-Dec-31,Dhaka,USA,
,,,,,,,,,
240,"Save The Children
(USA)","House-1A(2), Road-91, Gulshan-2,
Dhaka.
Phone: 8828081, Fax: 9886372",35,22-Apr-81,15-May-10,15-May-15,Dhaka,USA,
241,"Sesame Workshop
Bangladesh","3rd Floor, House-01, Shayesta
Khan Avenue, Sector-04, Uttara,
Dhaka
Phone: 01811-458725",2739,30-Oct-12,30-Oct-17,30-Oct-27,Dhaka,USA,
242,"Seventh Day Adventist
Church of Bangladesh","149, Shah Ali Bagh, Mirpur-1,
Dhaka-1216
Phone : 8012340",62,22-Apr-81,15-May-20,15-May-30,Dhaka,USA,
243,Sil International,"House-11, Road-19/A, Sector-04,
Uttara, Dhaka-1234
Phone: 58950923",1571,05-Oct-00,05-Oct-20,05-Oct-30,Dhaka,USA,
244,"Sonar Bangla
Foundation Bangladesh","19/7, Babor Road, Block-B,
Mohammadpur, Dhaka
Phone: 01715-228770",2949,04-Jul-15,,04-Jul-20,Dhaka,USA,
245,Spaandan B.,"Flat-5/a, Shahjahan Road, Block-a,
Town Hall Bazar, Mohammadpur,
dhaka.
Phone: 01713-036360",2623,09-Feb-11,09-Feb-16,09-Feb-26,Dhaka,USA,
246,Teach for Bangladesh,"Road-79, House-1/C, Flat-B-502,
Gulshan-2, Dhaka.",2868,23-Jun-14,23-Jun-19,23-Jun-29,Dhaka,USA,
247,The Carter Center,"Apartment-4C, House-7, Road-33,
Gulshan Model Town, Dhaka
Mob: 01793592750",3216,01-Sep-19,,01-Sep-29,Dhaka,USA,
248,"The Centers for
International Programs,
Inc.","House-338, Road-24, New DOHS,
Mohakhali, Dhaka.
Phone: 8833505, Fax: 8833505",2497,14-Oct-09,,14-Oct-14,Dhaka,USA,
249,"The Foundation for
Charitable Activities in
Bangladesh","House-15, Road-3/E, Sector-09,
Uttara Model Town, Dhaka",2970,22-Sep-15,22-Sep-20,22-Sep-30,Dhaka,USA,
250,The Optimists,"98/1, Tejkunipara (1st Floor), Galib
Sharoni, Tejgaon, Dhaka-1215
Phone: 01719569312
Email: theopt6@gmail.com
www.theoptimists.org",2179,26-Dec-06,26-Dec-21,25-Dec-31,Dhaka,USA,
251,"The Zakat Foundation
of America Bangladesh","7/1, Monesar Road, Zigatola,Dhaka-
1209
Phone: 9631120",2214,21-Mar-07,21-Mar-22,20-Mar-32,Dhaka,USA,
252,"Uchicago Research
Bangladesh LLC","House-04, Road-2B, Sector-4,
Uttara Model Town, Dhaka
Phone: 8952011",2959,20-Aug-15,20-Aug-20,20-Aug-30,Dhaka,USA,
253,"United States
Pharmacopeia
Bangladesh","Apartment-A/2, Holding-11/A, Road-
50, Block-NW(J), Gulshan-2,
Dhaka. Mob: 01711837546",3257,13-Dec-20,,13-Dec-30,Dhaka,USA,
254,"University Research
Co.LLC. Centre for
Human Services","Basati Condominium, House-15,
Road-17, Banani, Dhaka.",2655,25-Aug-11,25-Aug-21,24-Aug-31,Dhaka,USA,
,,,,,,,,,
255,"Volunteers Association
for Bangladesh","House-806, Road-03, Baitual Aman
Housing Society, Adabor, Dhaka
Phone: 9104558",2041,17-Jan-06,17-Jan-21,17-Jan-31,Dhaka,USA,
256,Water Org.,"House-741, Road-09, Baitul Aman
Housing Society, Dhaka.
Phone: 01972-712901",2916,25-Jan-15,25-Jan-20,25-Jan-30,Dhaka,USA,
257,"Wildlife Conservation
Society","House-89, Road-2, Sonadanga,
Khulna
Phone: 01713-228800",2750,10-Dec-12,10-Dec-17,10-Dec-27,Khulna,USA,
258,"Winrock International
Institute For Agriculture
Development","House-2(2nd Fl.), Rd-23/A,
Gulshan, Dhaka
Phone : 9887943,9889183
www.winrock.org",1269,01-Jun-98,01-Jun-18,01-Jun-28,Dhaka,USA,
259,World Concern,"12/8 Iqbal Road, Block # A,
Mohammadpur, Dhaka-1207
Phone : 8124543, Fax: 8113255
www.worldconcernbd.org",561,16-Nov-91,16-Nov-21,15-Nov-31,Dhaka,USA,
260,"World Mission Prayer
League (Lamb Hospital)","LAMB Hospital, PO- Parbatipur,
Dinajpur-5250
Phone: 05334-74386
www.lambproject.org",112,10-Nov-81,15-May-20,15-May-30,Dhaka,USA,
261,World Renew,"House-268 (2nd Fl.), Lane-08,
DOHS, Baridhara, Dhaka-1212
Phone: 8419171, 8415076
Fax: 8415076",43,22-Apr-81,15-May-20,15-May-30,Dhaka,USA,
262,"World Vision
Bangladesh","34 Kemal Ataturk Avenue, AWAL
Centre (4th Fl.), Banani, Dhaka.
Phone: 8813555-7, 8815515-7
Fax: 880-2-8815180
www.wvasiapacific.org",47,22-Apr-81,15-May-20,15-May-30,Dhaka,USA,
263,"Catholic Relief Services-
United States
Conference of Catholic
Bishops(CRS)","Flat-A08, House-10, Road-90,
Block-NE(L), Gulshan-2, Dhaka",3288,08-Mar-22,,08-Mar-32,Dhaka,USA,"Name
Change
15/12/2022"
264,"Bangladesh American
Society of Aid for
Humanity Inc.","House-1, Road-3, Ward-3, Apat.-
3A, Barimojlish, Boronagar,
Sonargaon, Narayanganj
Phone: 01673945500
email: basmahbd@gmail.com",3325,26-Sep-22,,25-Sep-32,Narayanganj,USA,
265,Americares Foundation,"House-86, Road-10/1, Block-D,
Niketon, Gulshan-1, Dhaka.
Phone: 01713244600
email: kahsan@anerucares.org",3330,19-Oct-22,,18-Oct-32,Dhaka,USA,
266,Stichting Al-Sorour,"Kha-51, Sonali Nir Apartment, Flat-
5/A, Kuril Chowdrastha, Vatara,
Dhaka
Phone: 01670182303",3359,04-Jun-23,,03-Jun-30,Dhaka,Netherlands,
267,Pure Earth,"8/12, Block-A, Lalmatia, Dhaka
Phone: 01713008312
email:",3366,19-Jul-23,,18-Jul-33,Dhaka,USA,